geo_country,geo_region,geo_city,geo_dma_bespoke_city
AUS,NSW,ABBOTSFORD,SYDNEY_TV
AUS,NSW,ALEXANDRIA,SYDNEY_TV
AUS,NSW,ANNANDALE,SYDNEY_TV
AUS,NSW,ARNCLIFFE,SYDNEY_TV
AUS,NSW,ARTARMON,SYDNEY_TV
AUS,NSW,ASHCROFT,SYDNEY_TV
AUS,NSW,ASHFIELD,SYDNEY_TV
AUS,NSW,ASQUITH,SYDNEY_TV
AUS,NSW,AUBURN,SYDNEY_TV
AUS,NSW,AVALON,SYDNEY_TV
AUS,NSW,BALGOWLAH,SYDNEY_TV
AUS,NSW,BALGOWLAH_HEIGHTS,SYDNEY_TV
AUS,NSW,BALMAIN,SYDNEY_TV
AUS,NSW,BALMORAL,SYDNEY_TV
AUS,NSW,BANKSMEADOW,SYDNEY_TV
AUS,NSW,BANKSTOWN,SYDNEY_TV
AUS,NSW,BASS_HILL,SYDNEY_TV
AUS,NSW,BAULKHAM_HILLS,SYDNEY_TV
AUS,NSW,BEACONSFIELD,SYDNEY_TV
AUS,NSW,BEECROFT,SYDNEY_TV
AUS,NSW,BELFIELD,SYDNEY_TV
AUS,NSW,BELLA_VISTA,SYDNEY_TV
AUS,NSW,BELLEVUE_HILL,SYDNEY_TV
AUS,NSW,BELMORE,SYDNEY_TV
AUS,NSW,BELROSE,SYDNEY_TV
AUS,NSW,BEROWRA,SYDNEY_TV
AUS,NSW,BEROWRA_HEIGHTS,SYDNEY_TV
AUS,NSW,BEVERLY_HILLS,SYDNEY_TV
AUS,NSW,BEXLEY,SYDNEY_TV
AUS,NSW,BLACKTOWN,SYDNEY_TV
AUS,NSW,BLAKEHURST,SYDNEY_TV
AUS,NSW,BONDI,SYDNEY_TV
AUS,NSW,BONDI_JUNCTION,SYDNEY_TV
AUS,NSW,BONNYRIGG,SYDNEY_TV
AUS,NSW,BOOLAROO,SYDNEY_TV
AUS,NSW,BOSSLEY_PARK,SYDNEY_TV
AUS,NSW,BOTANY,SYDNEY_TV
AUS,NSW,BRIGHTON_LE_SANDS,SYDNEY_TV
AUS,NSW,BRONTE,SYDNEY_TV
AUS,NSW,BROOKVALE,SYDNEY_TV
AUS,NSW,BURWOOD,SYDNEY_TV
AUS,NSW,CABRAMATTA,SYDNEY_TV
AUS,NSW,CAMMERAY,SYDNEY_TV
AUS,NSW,CAMPBELLTOWN,SYDNEY_TV
AUS,NSW,CAMPERDOWN,SYDNEY_TV
AUS,NSW,CAMPSIE,SYDNEY_TV
AUS,NSW,CANTERBURY,SYDNEY_TV
AUS,NSW,CARINGBAH,SYDNEY_TV
AUS,NSW,CARLINGFORD,SYDNEY_TV
AUS,NSW,CARLTON,SYDNEY_TV
AUS,NSW,CASTLE_HILL,SYDNEY_TV
AUS,NSW,CASTLECRAG,SYDNEY_TV
AUS,NSW,CASTLEREAGH,SYDNEY_TV
AUS,NSW,CASULA,SYDNEY_TV
AUS,NSW,CECIL_PARK,SYDNEY_TV
AUS,NSW,CHATSWOOD,SYDNEY_TV
AUS,NSW,CHERRYBROOK,SYDNEY_TV
AUS,NSW,CHESTER_HILL,SYDNEY_TV
AUS,NSW,CHIPPENDALE,SYDNEY_TV
AUS,NSW,CHIPPING_NORTON,SYDNEY_TV
AUS,NSW,CHULLORA,SYDNEY_TV
AUS,NSW,CLAREVILLE,SYDNEY_TV
AUS,NSW,CLONTARF,SYDNEY_TV
AUS,NSW,CLOVELLY,SYDNEY_TV
AUS,NSW,CLYDE,SYDNEY_TV
AUS,NSW,COLLAROY,SYDNEY_TV
AUS,NSW,COLLAROY_BEACH,SYDNEY_TV
AUS,NSW,CONCORD,SYDNEY_TV
AUS,NSW,COOGEE,SYDNEY_TV
AUS,NSW,CREMORNE,SYDNEY_TV
AUS,NSW,CRONULLA,SYDNEY_TV
AUS,NSW,CROWS_NEST,SYDNEY_TV
AUS,NSW,CROYDON,SYDNEY_TV
AUS,NSW,CROYDON_PARK,SYDNEY_TV
AUS,NSW,CURL_CURL,SYDNEY_TV
AUS,NSW,DACEYVILLE,SYDNEY_TV
AUS,NSW,DARLING_POINT,SYDNEY_TV
AUS,NSW,DARLINGHURST,SYDNEY_TV
AUS,NSW,DARLINGTON_POINT,SYDNEY_TV
AUS,NSW,DEE_WHY,SYDNEY_TV
AUS,NSW,DOONSIDE,SYDNEY_TV
AUS,NSW,DOUBLE_BAY,SYDNEY_TV
AUS,NSW,DOVER_HEIGHTS,SYDNEY_TV
AUS,NSW,DRUMMOYNE,SYDNEY_TV
AUS,NSW,DULWICH_HILL,SYDNEY_TV
AUS,NSW,DURAL,SYDNEY_TV
AUS,NSW,EARLWOOD,SYDNEY_TV
AUS,NSW,EAST_HILLS,SYDNEY_TV
AUS,NSW,EASTERN_CREEK,SYDNEY_TV
AUS,NSW,EASTERN_SUBURBS_MC,SYDNEY_TV
AUS,NSW,EASTWOOD,SYDNEY_TV
AUS,NSW,ENFIELD,SYDNEY_TV
AUS,NSW,ENGADINE,SYDNEY_TV
AUS,NSW,ENMORE,SYDNEY_TV
AUS,NSW,EPPING,SYDNEY_TV
AUS,NSW,ERMINGTON,SYDNEY_TV
AUS,NSW,ERSKINE_PARK,SYDNEY_TV
AUS,NSW,ERSKINEVILLE,SYDNEY_TV
AUS,NSW,FAIRFIELD,SYDNEY_TV
AUS,NSW,FAIRLIGHT,SYDNEY_TV
AUS,NSW,FORESTVILLE,SYDNEY_TV
AUS,NSW,FRENCHS_FOREST,SYDNEY_TV
AUS,NSW,GIRRAWEEN,SYDNEY_TV
AUS,NSW,GLADESVILLE,SYDNEY_TV
AUS,NSW,GLEBE,SYDNEY_TV
AUS,NSW,GLENDENNING,SYDNEY_TV
AUS,NSW,GLENFIELD,SYDNEY_TV
AUS,NSW,GLENHAVEN,SYDNEY_TV
AUS,NSW,GLENMORE_PARK,SYDNEY_TV
AUS,NSW,GORDON,SYDNEY_TV
AUS,NSW,GOROKAN,SYDNEY_TV
AUS,NSW,GRANVILLE,SYDNEY_TV
AUS,NSW,GRAYS_POINT,SYDNEY_TV
AUS,NSW,GREENWICH,SYDNEY_TV
AUS,NSW,GUILDFORD,SYDNEY_TV
AUS,NSW,GYMEA,SYDNEY_TV
AUS,NSW,GYMEA_BAY,SYDNEY_TV
AUS,NSW,HABERFIELD,SYDNEY_TV
AUS,NSW,HAWKESBURY_HEIGHTS,SYDNEY_TV
AUS,NSW,HOLSWORTHY,SYDNEY_TV
AUS,NSW,HOMEBUSH,SYDNEY_TV
AUS,NSW,HORNSBY,SYDNEY_TV
AUS,NSW,HORSLEY_PARK,SYDNEY_TV
AUS,NSW,HUNTERS_HILL,SYDNEY_TV
AUS,NSW,HURSTVILLE,SYDNEY_TV
AUS,NSW,HURSTVILLE_GROVE,SYDNEY_TV
AUS,NSW,JANNALI,SYDNEY_TV
AUS,NSW,KELLYVILLE,SYDNEY_TV
AUS,NSW,KENSINGTON,SYDNEY_TV
AUS,NSW,KENTHURST,SYDNEY_TV
AUS,NSW,KINGSGROVE,SYDNEY_TV
AUS,NSW,KINGSWOOD,SYDNEY_TV
AUS,NSW,KIRRAWEE,SYDNEY_TV
AUS,NSW,KIRRIBILLI,SYDNEY_TV
AUS,NSW,KOGARAH,SYDNEY_TV
AUS,NSW,KURNELL,SYDNEY_TV
AUS,NSW,LA_PEROUSE,SYDNEY_TV
AUS,NSW,LAKEMBA,SYDNEY_TV
AUS,NSW,LANE_COVE,SYDNEY_TV
AUS,NSW,LEICHHARDT,SYDNEY_TV
AUS,NSW,LEUMEAH,SYDNEY_TV
AUS,NSW,LIDCOMBE,SYDNEY_TV
AUS,NSW,LILYFIELD,SYDNEY_TV
AUS,NSW,LINDFIELD,SYDNEY_TV
AUS,NSW,LITTLE_BAY,SYDNEY_TV
AUS,NSW,LIVERPOOL,SYDNEY_TV
AUS,NSW,LONG_POINT,SYDNEY_TV
AUS,NSW,LONGUEVILLE,SYDNEY_TV
AUS,NSW,LUGARNO,SYDNEY_TV
AUS,NSW,MACQUARIE_UNIVERSITY,SYDNEY_TV
AUS,NSW,MALABAR,SYDNEY_TV
AUS,NSW,MANLY,SYDNEY_TV
AUS,NSW,MANLY_VALE,SYDNEY_TV
AUS,NSW,MAROUBRA,SYDNEY_TV
AUS,NSW,MARRICKVILLE,SYDNEY_TV
AUS,NSW,MARSDEN_PARK,SYDNEY_TV
AUS,NSW,MASCOT,SYDNEY_TV
AUS,NSW,MATRAVILLE,SYDNEY_TV
AUS,NSW,MEADOWBANK,SYDNEY_TV
AUS,NSW,MENAI,SYDNEY_TV
AUS,NSW,MERRYLANDS,SYDNEY_TV
AUS,NSW,MILPERRA,SYDNEY_TV
AUS,NSW,MILSONS_POINT,SYDNEY_TV
AUS,NSW,MINTO,SYDNEY_TV
AUS,NSW,MIRANDA,SYDNEY_TV
AUS,NSW,MONA_VALE,SYDNEY_TV
AUS,NSW,MOOREBANK,SYDNEY_TV
AUS,NSW,MORTDALE,SYDNEY_TV
AUS,NSW,MORTLAKE,SYDNEY_TV
AUS,NSW,MOSMAN,SYDNEY_TV
AUS,NSW,MOUNT_DRUITT,SYDNEY_TV
AUS,NSW,MOUNT_KURING_GAI,SYDNEY_TV
AUS,NSW,NARELLAN,SYDNEY_TV
AUS,NSW,NARRABEEN,SYDNEY_TV
AUS,NSW,NEUTRAL_BAY,SYDNEY_TV
AUS,NSW,NEWINGTON,SYDNEY_TV
AUS,NSW,NEWPORT,SYDNEY_TV
AUS,NSW,NEWTOWN,SYDNEY_TV
AUS,NSW,NORMANHURST,SYDNEY_TV
AUS,NSW,NORTH_ROCKS,SYDNEY_TV
AUS,NSW,NORTH_RYDE,SYDNEY_TV
AUS,NSW,NORTH_SYDNEY,SYDNEY_TV
AUS,NSW,NORTH_TURRAMURRA,SYDNEY_TV
AUS,NSW,NORTHBRIDGE,SYDNEY_TV
AUS,NSW,NORTHMEAD,SYDNEY_TV
AUS,NSW,OATLANDS,SYDNEY_TV
AUS,NSW,OYSTER_BAY,SYDNEY_TV
AUS,NSW,PADDINGTON,SYDNEY_TV
AUS,NSW,PADSTOW,SYDNEY_TV
AUS,NSW,PAGEWOOD,SYDNEY_TV
AUS,NSW,PALM_BEACH,SYDNEY_TV
AUS,NSW,PARKLEA,SYDNEY_TV
AUS,NSW,PARRAMATTA,SYDNEY_TV
AUS,NSW,PEAKHURST,SYDNEY_TV
AUS,NSW,PENNANT_HILLS,SYDNEY_TV
AUS,NSW,PENRITH,SYDNEY_TV
AUS,NSW,PENSHURST,SYDNEY_TV
AUS,NSW,PETERSHAM,SYDNEY_TV
AUS,NSW,PORT_HACKING,SYDNEY_TV
AUS,NSW,POTTS_POINT,SYDNEY_TV
AUS,NSW,PYMBLE,SYDNEY_TV
AUS,NSW,PYRMONT,SYDNEY_TV
AUS,NSW,QUAKERS_HILL,SYDNEY_TV
AUS,NSW,RAMSGATE,SYDNEY_TV
AUS,NSW,RANDWICK,SYDNEY_TV
AUS,NSW,REDFERN,SYDNEY_TV
AUS,NSW,REGENTS_PARK,SYDNEY_TV
AUS,NSW,REVESBY,SYDNEY_TV
AUS,NSW,RHODES,SYDNEY_TV
AUS,NSW,RICHMOND,SYDNEY_TV
AUS,NSW,RIVERSTONE,SYDNEY_TV
AUS,NSW,RIVERWOOD,SYDNEY_TV
AUS,NSW,ROCKDALE,SYDNEY_TV
AUS,NSW,ROOTY_HILL,SYDNEY_TV
AUS,NSW,ROSE_BAY,SYDNEY_TV
AUS,NSW,ROSEBERY,SYDNEY_TV
AUS,NSW,ROSEHILL,SYDNEY_TV
AUS,NSW,ROSELANDS,SYDNEY_TV
AUS,NSW,ROSEVILLE,SYDNEY_TV
AUS,NSW,ROZELLE,SYDNEY_TV
AUS,NSW,RYDALMERE,SYDNEY_TV
AUS,NSW,RYDE,SYDNEY_TV
AUS,NSW,SANS_SOUCI,SYDNEY_TV
AUS,NSW,SCHOFIELDS,SYDNEY_TV
AUS,NSW,SEAFORTH,SYDNEY_TV
AUS,NSW,SEVEN_HILLS,SYDNEY_TV
AUS,NSW,SILVERWATER,SYDNEY_TV
AUS,NSW,SMITHFIELD,SYDNEY_TV
AUS,NSW,SOUTH_WEST_ROCKS,SYDNEY_TV
AUS,NSW,ST_IVES,SYDNEY_TV
AUS,NSW,ST_LEONARDS,SYDNEY_TV
AUS,NSW,ST_MARYS,SYDNEY_TV
AUS,NSW,ST_PETERS,SYDNEY_TV
AUS,NSW,STANMORE,SYDNEY_TV
AUS,NSW,STRATHFIELD,SYDNEY_TV
AUS,NSW,SUMMER_HILL,SYDNEY_TV
AUS,NSW,SURRY_HILLS,SYDNEY_TV
AUS,NSW,SUTHERLAND,SYDNEY_TV
AUS,NSW,SYLVANIA,SYDNEY_TV
AUS,NSW,SYLVANIA_WATERS,SYDNEY_TV
AUS,NSW,TAREN_POINT,SYDNEY_TV
AUS,NSW,TEMPE,SYDNEY_TV
AUS,NSW,TERREY_HILLS,SYDNEY_TV
AUS,NSW,THE_PONDS,SYDNEY_TV
AUS,NSW,THE_ROCKS,SYDNEY_TV
AUS,NSW,THE_UNIVERSITY_OF_SYDNEY,SYDNEY_TV
AUS,NSW,THORNLEIGH,SYDNEY_TV
AUS,NSW,TOONGABBIE,SYDNEY_TV
AUS,NSW,TURRAMURRA,SYDNEY_TV
AUS,NSW,ULTIMO,SYDNEY_TV
AUS,NSW,UNIVERSITY OF NEW SOUTH WALES,SYDNEY_TV
AUS,NSW,UNIVERSITY_OF_NEW_SOUTH_WALES,SYDNEY_TV
AUS,NSW,VAUCLUSE,SYDNEY_TV
AUS,NSW,VILLAWOOD,SYDNEY_TV
AUS,NSW,WAHROONGA,SYDNEY_TV
AUS,NSW,WARNERS_BAY,SYDNEY_TV
AUS,NSW,WARRAWEE,SYDNEY_TV
AUS,NSW,WARRIEWOOD,SYDNEY_TV
AUS,NSW,WATERLOO,SYDNEY_TV
AUS,NSW,WAVERLEY,SYDNEY_TV
AUS,NSW,WAVERTON,SYDNEY_TV
AUS,NSW,WENTWORTHVILLE,SYDNEY_TV
AUS,NSW,WEST_HOXTON,SYDNEY_TV
AUS,NSW,WESTMEAD,SYDNEY_TV
AUS,NSW,WHALAN,SYDNEY_TV
AUS,NSW,WHALE_BEACH,SYDNEY_TV
AUS,NSW,WINDSOR,SYDNEY_TV
AUS,NSW,WISEMANS_FERRY,SYDNEY_TV
AUS,NSW,WOOLLAHRA,SYDNEY_TV
AUS,NSW,WOOLWICH,SYDNEY_TV
AUS,NSW,WORLD_SQUARE,SYDNEY_TV
AUS,NSW,YAGOONA,SYDNEY_TV
AUS,NSW,YARRAMALONG,SYDNEY_TV
AUS,NSW,ZETLAND,SYDNEY_TV
AUS,NSW,TUGGERAH,SYDNEY_TV
AUS,NSW,GOSFORD,SYDNEY_TV
AUS,NSW,BOOKER_BAY,SYDNEY_TV
AUS,NSW,WOLLONGONG,SYDNEY_TV
AUS,NSW,QUEANBEYAN,SYDNEY_TV
AUS,NSW,BERRY,SYDNEY_TV
AUS,NSW,SINGLETON,SYDNEY_TV
AUS,NSW,BATEAU_BAY,SYDNEY_TV
AUS,NSW,TERRIGAL,SYDNEY_TV
AUS,NSW,BELMONT,SYDNEY_TV
AUS,NSW,NEWCASTLE,SYDNEY_TV
AUS,NSW,INGLEBURN,SYDNEY_TV
AUS,NSW,WOY_WOY,SYDNEY_TV
AUS,NSW,THE_ENTRANCE,SYDNEY_TV
AUS,NSW,CARDIFF,SYDNEY_TV
AUS,NSW,SPRINGWOOD,SYDNEY_TV
AUS,NSW,KINCUMBER,SYDNEY_TV
AUS,NSW,HAY,SYDNEY_TV
AUS,NSW,NARARA,SYDNEY_TV
AUS,NSW,COFFS_HARBOUR,SYDNEY_TV
AUS,NSW,LONG_JETTY,SYDNEY_TV
AUS,NSW,WAGGA_WAGGA,SYDNEY_TV
AUS,NSW,BLAXLAND,SYDNEY_TV
AUS,NSW,CHARLESTOWN,SYDNEY_TV
AUS,NSW,WOONONA,SYDNEY_TV
AUS,NSW,BERKELEY_VALE,SYDNEY_TV
AUS,NSW,WYONG,SYDNEY_TV
AUS,NSW,AVOCA_BEACH,SYDNEY_TV
AUS,NSW,PORT_MACQUARIE,SYDNEY_TV
AUS,NSW,MEREWETHER,SYDNEY_TV
AUS,NSW,BUDGEWOI,SYDNEY_TV
AUS,NSW,HAMILTON,SYDNEY_TV
AUS,NSW,GREGORY_HILLS,SYDNEY_TV
AUS,NSW,MORUNDAH,SYDNEY_TV
AUS,NSW,CESSNOCK,SYDNEY_TV
AUS,NSW,FIGTREE,SYDNEY_TV
AUS,NSW,EAST_MAITLAND,SYDNEY_TV
AUS,NSW,MOUNT_COLAH,SYDNEY_TV
AUS,NSW,NEW_LAMBTON,SYDNEY_TV
AUS,NSW,LAMBTON,SYDNEY_TV
AUS,NSW,CAMDEN,SYDNEY_TV
AUS,NSW,ERINA,SYDNEY_TV
AUS,NSW,ARMIDALE,SYDNEY_TV
AUS,NSW,CORRIMAL,SYDNEY_TV
AUS,NSW,HOXTON_PARK,SYDNEY_TV
AUS,NSW,ALBURY,SYDNEY_TV
AUS,NSW,GOULBURN,SYDNEY_TV
AUS,NSW,AUSTRAL,SYDNEY_TV
AUS,NSW,DAPTO,SYDNEY_TV
AUS,NSW,BALLINA,SYDNEY_TV
AUS,NSW,WAMBERAL,SYDNEY_TV
AUS,NSW,ADAMSTOWN,SYDNEY_TV
AUS,NSW,KARIONG,SYDNEY_TV
AUS,NSW,ORANGE,SYDNEY_TV
AUS,NSW,GLENBROOK,SYDNEY_TV
AUS,NSW,BATHURST,SYDNEY_TV
AUS,NSW,DUBBO,SYDNEY_TV
AUS,NSW,UNANDERRA,SYDNEY_TV
AUS,NSW,BYRON_BAY,SYDNEY_TV
AUS,NSW,FAIRY_MEADOW,SYDNEY_TV
AUS,NSW,THORNTON,SYDNEY_TV
AUS,NSW,LISMORE,SYDNEY_TV
AUS,NSW,WALLSEND,SYDNEY_TV
AUS,NSW,LISAROW,SYDNEY_TV
AUS,NSW,ELEEBANA,SYDNEY_TV
AUS,NSW,GRIFFITH,SYDNEY_TV
AUS,NSW,BLACKWALL,SYDNEY_TV
AUS,NSW,EMU_PLAINS,SYDNEY_TV
AUS,NSW,OURIMBAH,SYDNEY_TV
AUS,NSW,WILBERFORCE,SYDNEY_TV
AUS,NSW,TAMWORTH,SYDNEY_TV
AUS,NSW,NOWRA,SYDNEY_TV
AUS,NSW,EAST_GOSFORD,SYDNEY_TV
AUS,NSW,WARATAH,SYDNEY_TV
AUS,NSW,THIRROUL,SYDNEY_TV
AUS,NSW,BOWRAL,SYDNEY_TV
AUS,NSW,AWABA,SYDNEY_TV
AUS,NSW,PITT_TOWN,SYDNEY_TV
AUS,NSW,POINT_CLARE,SYDNEY_TV
AUS,NSW,OATLEY,SYDNEY_TV
AUS,NSW,GALSTON,SYDNEY_TV
AUS,NSW,MCGRATHS_HILL,SYDNEY_TV
AUS,NSW,BILAMBIL,SYDNEY_TV
AUS,NSW,JERRABOMBERRA,SYDNEY_TV
AUS,NSW,KOTARA,SYDNEY_TV
AUS,NSW,PAMBULA,SYDNEY_TV
AUS,NSW,EMPIRE_BAY,SYDNEY_TV
AUS,NSW,ALBION_PARK,SYDNEY_TV
AUS,NSW,DAVIDSON,SYDNEY_TV
AUS,NSW,RAYMOND_TERRACE,SYDNEY_TV
AUS,NSW,TWEED_HEADS,SYDNEY_TV
AUS,NSW,KEMPSEY,SYDNEY_TV
AUS,NSW,SHELLHARBOUR,SYDNEY_TV
AUS,NSW,BULLI,SYDNEY_TV
AUS,NSW,LONDONDERRY,SYDNEY_TV
AUS,NSW,FREEMANS_REACH,SYDNEY_TV
AUS,NSW,EAGLE_VALE,SYDNEY_TV
AUS,NSW,KANWAL,SYDNEY_TV
AUS,NSW,TOUKLEY,SYDNEY_TV
AUS,NSW,MUDGEE,SYDNEY_TV
AUS,NSW,MARYLAND,SYDNEY_TV
AUS,NSW,BANGOR,SYDNEY_TV
AUS,NSW,LITHGOW,SYDNEY_TV
AUS,NSW,VOYAGER_POINT,SYDNEY_TV
AUS,NSW,BALGOWNIE,SYDNEY_TV
AUS,NSW,KATOOMBA,SYDNEY_TV
AUS,NSW,SOMERSBY,SYDNEY_TV
AUS,NSW,CASINO,SYDNEY_TV
AUS,NSW,WOLLONGBAR,SYDNEY_TV
AUS,NSW,LAKE_MUNMORAH,SYDNEY_TV
AUS,NSW,EDMONDSON_PARK,SYDNEY_TV
AUS,NSW,COORANBONG,SYDNEY_TV
AUS,NSW,GLENORIE,SYDNEY_TV
AUS,NSW,JINDABYNE,SYDNEY_TV
AUS,NSW,HARRINGTON,SYDNEY_TV
AUS,NSW,STOCKTON,SYDNEY_TV
AUS,NSW,APPIN,SYDNEY_TV
AUS,NSW,RUTHERFORD,SYDNEY_TV
AUS,NSW,KIAMA,SYDNEY_TV
AUS,NSW,CONISTON,SYDNEY_TV
AUS,NSW,WARRIMOO,SYDNEY_TV
AUS,NSW,BROADMEADOW,SYDNEY_TV
AUS,NSW,CATHERINE_HILL_BAY,SYDNEY_TV
AUS,NSW,LAVINGTON,SYDNEY_TV
AUS,NSW,DORA_CREEK,SYDNEY_TV
AUS,NSW,WAITARA,SYDNEY_TV
AUS,NSW,MONTEREY,SYDNEY_TV
AUS,NSW,LAKE_ILLAWARRA,SYDNEY_TV
AUS,NSW,KURRI_KURRI,SYDNEY_TV
AUS,NSW,BELLAMBI,SYDNEY_TV
AUS,NSW,SHORTLAND,SYDNEY_TV
AUS,NSW,GLOSSODIA,SYDNEY_TV
AUS,NSW,LAWRENCE,SYDNEY_TV
AUS,NSW,TOORMINA,SYDNEY_TV
AUS,NSW,BROWNSVILLE,SYDNEY_TV
AUS,NSW,BURRANEER,SYDNEY_TV
AUS,NSW,HAZELBROOK,SYDNEY_TV
AUS,NSW,KILLCARE,SYDNEY_TV
AUS,NSW,NORAVILLE,SYDNEY_TV
AUS,NSW,THREDBO,SYDNEY_TV
AUS,NSW,TAREE,SYDNEY_TV
AUS,NSW,ALPINE,SYDNEY_TV
AUS,NSW,SWANSEA,SYDNEY_TV
AUS,NSW,BERESFIELD,SYDNEY_TV
AUS,NSW,WYEE,SYDNEY_TV
AUS,NSW,CLAYMORE,SYDNEY_TV
AUS,NSW,YOUNG,SYDNEY_TV
AUS,NSW,GRAFTON,SYDNEY_TV
AUS,NSW,HOLROYD,SYDNEY_TV
AUS,NSW,BENSVILLE,SYDNEY_TV
AUS,NSW,BONNET_BAY,SYDNEY_TV
AUS,NSW,MITTAGONG,SYDNEY_TV
AUS,NSW,COMO,SYDNEY_TV
AUS,NSW,ABERGLASSLYN,SYDNEY_TV
AUS,NSW,TORONTO,SYDNEY_TV
AUS,NSW,LOFTUS,SYDNEY_TV
AUS,NSW,FAULCONBRIDGE,SYDNEY_TV
AUS,NSW,LEURA,SYDNEY_TV
AUS,NSW,WEST_WALLSEND,SYDNEY_TV
AUS,NSW,BEAUMONT,SYDNEY_TV
AUS,NSW,AUSTINMER,SYDNEY_TV
AUS,NSW,THE_OAKS,SYDNEY_TV
AUS,NSW,WINDALE,SYDNEY_TV
AUS,NSW,WYONGAH,SYDNEY_TV
AUS,NSW,GATESHEAD,SYDNEY_TV
AUS,NSW,WALLACIA,SYDNEY_TV
AUS,NSW,ORCHARD_HILLS,SYDNEY_TV
AUS,NSW,BONNELLS_BAY,SYDNEY_TV
AUS,NSW,MEDOWIE,SYDNEY_TV
AUS,NSW,KYOGLE,SYDNEY_TV
AUS,NSW,VALLEY_HEIGHTS,SYDNEY_TV
AUS,NSW,ABERDARE,SYDNEY_TV
AUS,NSW,MORISSET,SYDNEY_TV
AUS,NSW,BEGA,SYDNEY_TV
AUS,NSW,REDHEAD,SYDNEY_TV
AUS,NSW,BOLWARRA,SYDNEY_TV
AUS,NSW,MATCHAM,SYDNEY_TV
AUS,NSW,MAITLAND,SYDNEY_TV
AUS,NSW,BATEMANS_BAY,SYDNEY_TV
AUS,NSW,PICTON,SYDNEY_TV
AUS,NSW,TUGGERAWONG,SYDNEY_TV
AUS,NSW,BERKELEY,SYDNEY_TV
AUS,NSW,FORSTER,SYDNEY_TV
AUS,NSW,MURWILLUMBAH,SYDNEY_TV
AUS,NSW,NELSON_BAY,SYDNEY_TV
AUS,NSW,KINGSCLIFF,SYDNEY_TV
AUS,NSW,MOREE,SYDNEY_TV
AUS,NSW,COOMA,SYDNEY_TV
AUS,NSW,ELDERSLIE,SYDNEY_TV
AUS,NSW,YASS,SYDNEY_TV
AUS,NSW,CHITTAWAY_POINT,SYDNEY_TV
AUS,NSW,WOODFORD,SYDNEY_TV
AUS,NSW,MORPETH,SYDNEY_TV
AUS,NSW,WORONORA,SYDNEY_TV
AUS,NSW,BATLOW,SYDNEY_TV
AUS,NSW,MORUYA,SYDNEY_TV
AUS,NSW,MANGERTON,SYDNEY_TV
AUS,NSW,ULLADULLA,SYDNEY_TV
AUS,NSW,WANGI_WANGI,SYDNEY_TV
AUS,NSW,DAVISTOWN,SYDNEY_TV
AUS,NSW,UNIVERSITY_OF_NEW_ENGLAND,SYDNEY_TV
AUS,NSW,DENILIQUIN,SYDNEY_TV
AUS,NSW,CHAIN_VALLEY_BAY,SYDNEY_TV
AUS,NSW,TAHMOOR,SYDNEY_TV
AUS,NSW,WARRAWONG,SYDNEY_TV
AUS,NSW,ASHBY,SYDNEY_TV
AUS,NSW,SANDGATE,SYDNEY_TV
AUS,NSW,BARNSLEY,SYDNEY_TV
AUS,NSW,KURRAJONG_HEIGHTS,SYDNEY_TV
AUS,NSW,MULGOA,SYDNEY_TV
AUS,NSW,WESTON,SYDNEY_TV
AUS,NSW,LUDDENHAM,SYDNEY_TV
AUS,NSW,VINEYARD,SYDNEY_TV
AUS,NSW,BRANXTON,SYDNEY_TV
AUS,NSW,WENTWORTH_FALLS,SYDNEY_TV
AUS,NSW,BUNDEENA,SYDNEY_TV
AUS,NSW,GUNNEDAH,SYDNEY_TV
AUS,NSW,HELENSBURGH,SYDNEY_TV
AUS,NSW,BARHAM,SYDNEY_TV
AUS,NSW,CONNELLS_POINT,SYDNEY_TV
AUS,NSW,JILLIBY,SYDNEY_TV
AUS,NSW,RATHMINES,SYDNEY_TV
AUS,NSW,AGNES_BANKS,SYDNEY_TV
AUS,NSW,HEATHCOTE,SYDNEY_TV
AUS,NSW,THIRLMERE,SYDNEY_TV
AUS,NSW,GROSE_VALE,SYDNEY_TV
AUS,NSW,OCEAN_SHORES,SYDNEY_TV
AUS,NSW,BELLBIRD,SYDNEY_TV
AUS,NSW,BRINGELLY,SYDNEY_TV
AUS,NSW,DUNBOGAN,SYDNEY_TV
AUS,NSW,CHURCH_POINT,SYDNEY_TV
AUS,NSW,BANGALOW,SYDNEY_TV
AUS,NSW,LEMON_TREE_PASSAGE,SYDNEY_TV
AUS,NSW,GWANDALAN,SYDNEY_TV
AUS,NSW,NAMBUCCA_HEADS,SYDNEY_TV
AUS,NSW,NIMBIN,SYDNEY_TV
AUS,NSW,HOLMESVILLE,SYDNEY_TV
AUS,NSW,WARNERVALE,SYDNEY_TV
AUS,NSW,WHITEBRIDGE,SYDNEY_TV
AUS,NSW,WYNDHAM,SYDNEY_TV
AUS,NSW,GREEN_POINT,SYDNEY_TV
AUS,NSW,ISLINGTON,SYDNEY_TV
AUS,NSW,MANNERING_PARK,SYDNEY_TV
AUS,NSW,KYEEMAGH,SYDNEY_TV
AUS,NSW,BRUNDEE,SYDNEY_TV
AUS,NSW,MULLUMBIMBY,SYDNEY_TV
AUS,NSW,SILVERDALE,SYDNEY_TV
AUS,NSW,KOOLEWONG,SYDNEY_TV
AUS,NSW,MUSWELLBROOK,SYDNEY_TV
AUS,NSW,EDEN,SYDNEY_TV
AUS,NSW,BLACKHEATH,SYDNEY_TV
AUS,NSW,FORBES,SYDNEY_TV
AUS,NSW,SCONE,SYDNEY_TV
AUS,NSW,YELLOW_ROCK,SYDNEY_TV
AUS,NSW,BLAIR_ATHOL,SYDNEY_TV
AUS,NSW,SALAMANDER_BAY,SYDNEY_TV
AUS,NSW,WAUCHOPE,SYDNEY_TV
AUS,NSW,ALSTONVILLE,SYDNEY_TV
AUS,NSW,BROKEN_HILL,SYDNEY_TV
AUS,NSW,BUXTON,SYDNEY_TV
AUS,NSW,EXETER,SYDNEY_TV
AUS,NSW,LAKE_HEIGHTS,SYDNEY_TV
AUS,NSW,PORT_KEMBLA,SYDNEY_TV
AUS,NSW,SHOALHAVEN_HEADS,SYDNEY_TV
AUS,NSW,GLEN_INNES,SYDNEY_TV
AUS,NSW,ABERMAIN,SYDNEY_TV
AUS,NSW,TEMORA,SYDNEY_TV
AUS,NSW,TERALBA,SYDNEY_TV
AUS,NSW,GERRINGONG,SYDNEY_TV
AUS,NSW,KURMOND,SYDNEY_TV
AUS,NSW,MANGROVE_MOUNTAIN,SYDNEY_TV
AUS,NSW,TERRANORA,SYDNEY_TV
AUS,NSW,MOSS_VALE,SYDNEY_TV
AUS,NSW,ARCADIA,SYDNEY_TV
AUS,NSW,POTTSVILLE_BEACH,SYDNEY_TV
AUS,NSW,YOWIE_BAY,SYDNEY_TV
AUS,NSW,BADGERYS_CREEK,SYDNEY_TV
AUS,NSW,MIRRABOOKA,SYDNEY_TV
AUS,NSW,KEARNS,SYDNEY_TV
AUS,NSW,LEETON,SYDNEY_TV
AUS,NSW,HOLGATE,SYDNEY_TV
AUS,NSW,LENNOX_HEAD,SYDNEY_TV
AUS,NSW,MAROOTA,SYDNEY_TV
AUS,NSW,TOWRADGI,SYDNEY_TV
AUS,NSW,WARRAGAMBA,SYDNEY_TV
AUS,NSW,WINGHAM,SYDNEY_TV
AUS,NSW,ANNA_BAY,SYDNEY_TV
AUS,NSW,BERRIDALE,SYDNEY_TV
AUS,NSW,BOWEN_MOUNTAIN,SYDNEY_TV
AUS,NSW,TARALGA,SYDNEY_TV
AUS,NSW,GWYNNEVILLE,SYDNEY_TV
AUS,NSW,KILLINGWORTH,SYDNEY_TV
AUS,NSW,PRETTY_BEACH,SYDNEY_TV
AUS,NSW,SAWTELL,SYDNEY_TV
AUS,NSW,BROOKLYN,SYDNEY_TV
AUS,NSW,CRINGILA,SYDNEY_TV
AUS,NSW,SUTTON,SYDNEY_TV
AUS,NSW,INVERELL,SYDNEY_TV
AUS,NSW,MOUNT_SAINT_THOMAS,SYDNEY_TV
AUS,NSW,GOONELLABAH,SYDNEY_TV
AUS,NSW,HILL_TOP,SYDNEY_TV
AUS,NSW,BRIGHTWATERS,SYDNEY_TV
AUS,NSW,BREDBO,SYDNEY_TV
AUS,NSW,BUNDANOON,SYDNEY_TV
AUS,NSW,COBBITTY,SYDNEY_TV
AUS,NSW,MACLEAN,SYDNEY_TV
AUS,NSW,CHINDERAH,SYDNEY_TV
AUS,NSW,KAREELA,SYDNEY_TV
AUS,NSW,MOUNT_WHITE,SYDNEY_TV
AUS,NSW,RAWORTH,SYDNEY_TV
AUS,NSW,BOURKE,SYDNEY_TV
AUS,NSW,LAKELANDS,SYDNEY_TV
AUS,NSW,WOOLOOWARE,SYDNEY_TV
AUS,NSW,BIGGA,SYDNEY_TV
AUS,NSW,BOAMBEE,SYDNEY_TV
AUS,NSW,BONSHAW,SYDNEY_TV
AUS,NSW,CORLETTE,SYDNEY_TV
AUS,NSW,BARGO,SYDNEY_TV
AUS,NSW,BELLINGEN,SYDNEY_TV
AUS,NSW,GUNNING,SYDNEY_TV
AUS,NSW,OAKDALE,SYDNEY_TV
AUS,NSW,COOTAMUNDRA,SYDNEY_TV
AUS,NSW,GILLIESTON_HEIGHTS,SYDNEY_TV
AUS,NSW,NIANGALA,SYDNEY_TV
AUS,NSW,PERISHER_VALLEY,SYDNEY_TV
AUS,NSW,WOOLGOOLGA,SYDNEY_TV
AUS,NSW,BOMADERRY,SYDNEY_TV
AUS,NSW,PARKES,SYDNEY_TV
AUS,NSW,BUNGENDORE,SYDNEY_TV
AUS,NSW,CARRINGTON,SYDNEY_TV
AUS,NSW,GOL_GOL,SYDNEY_TV
AUS,NSW,YAMBA,SYDNEY_TV
AUS,NSW,CONDOBOLIN,SYDNEY_TV
AUS,NSW,CONJOLA,SYDNEY_TV
AUS,NSW,GUNDAGAI,SYDNEY_TV
AUS,NSW,STANWELL_PARK,SYDNEY_TV
AUS,NSW,TARRO,SYDNEY_TV
AUS,NSW,LAKE_CATHIE,SYDNEY_TV
AUS,NSW,EAST_BALLINA,SYDNEY_TV
AUS,NSW,KAHIBAH,SYDNEY_TV
AUS,NSW,KEIRAVILLE,SYDNEY_TV
AUS,NSW,COLEDALE,SYDNEY_TV
AUS,NSW,LAWSON,SYDNEY_TV
AUS,NSW,GRETA,SYDNEY_TV
AUS,NSW,SUFFOLK_PARK,SYDNEY_TV
AUS,NSW,DOUBTFUL_CREEK,SYDNEY_TV
AUS,NSW,GRENFELL,SYDNEY_TV
AUS,NSW,NEWCASTLE_WEST,SYDNEY_TV
AUS,NSW,RICHLANDS,SYDNEY_TV
AUS,NSW,TUMUT,SYDNEY_TV
AUS,NSW,COWRA,SYDNEY_TV
AUS,NSW,MOAMA,SYDNEY_TV
AUS,NSW,NORTHWOOD,SYDNEY_TV
AUS,NSW,WORONORA_DAM,SYDNEY_TV
AUS,NSW,DOUGLAS_PARK,SYDNEY_TV
AUS,NSW,ROTHBURY,SYDNEY_TV
AUS,NSW,BRADBURY,SYDNEY_TV
AUS,NSW,MOUNT_OUSLEY,SYDNEY_TV
AUS,NSW,WILTON,SYDNEY_TV
AUS,NSW,LILLI_PILLI,SYDNEY_TV
AUS,NSW,MACKSVILLE,SYDNEY_TV
AUS,NSW,COBAR,SYDNEY_TV
AUS,NSW,TENAMBIT,SYDNEY_TV
AUS,NSW,TIGHES_HILL,SYDNEY_TV
AUS,NSW,NAROOMA,SYDNEY_TV
AUS,NSW,TEA_GARDENS,SYDNEY_TV
AUS,NSW,WALCHA,SYDNEY_TV
AUS,NSW,MERIMBULA,SYDNEY_TV
AUS,NSW,MENANGLE,SYDNEY_TV
AUS,NSW,WEDDERBURN,SYDNEY_TV
AUS,NSW,ANDO,SYDNEY_TV
AUS,NSW,HEDDON_GRETA,SYDNEY_TV
AUS,NSW,NARROMINE,SYDNEY_TV
AUS,NSW,SHERWOOD,SYDNEY_TV
AUS,NSW,YORKLEA,SYDNEY_TV
AUS,NSW,DARETON,SYDNEY_TV
AUS,NSW,OBERON,SYDNEY_TV
AUS,NSW,WYONG_CREEK,SYDNEY_TV
AUS,NSW,COLEAMBALLY,SYDNEY_TV
AUS,NSW,KELSO,SYDNEY_TV
AUS,NSW,OLD_BAR,SYDNEY_TV
AUS,NSW,PEARL_BEACH,SYDNEY_TV
AUS,NSW,SANCTUARY_POINT,SYDNEY_TV
AUS,NSW,TELARAH,SYDNEY_TV
AUS,NSW,TELEGRAPH_POINT,SYDNEY_TV
AUS,NSW,BERRILEE,SYDNEY_TV
AUS,NSW,COBARGO,SYDNEY_TV
AUS,NSW,BOGANGAR,SYDNEY_TV
AUS,NSW,BONVILLE,SYDNEY_TV
AUS,NSW,ROYALLA,SYDNEY_TV
AUS,NSW,TARAGO,SYDNEY_TV
AUS,NSW,BOWRAVILLE,SYDNEY_TV
AUS,NSW,CLARENCE_TOWN,SYDNEY_TV
AUS,NSW,ESCHOL,SYDNEY_TV
AUS,NSW,INGEBIRAH,SYDNEY_TV
AUS,NSW,POINT_PIPER,SYDNEY_TV
AUS,NSW,TOOLEYBUC,SYDNEY_TV
AUS,NSW,GUYRA,SYDNEY_TV
AUS,NSW,TUMBARUMBA,SYDNEY_TV
AUS,NSW,YARRAWARRAH,SYDNEY_TV
AUS,NSW,BURRADOO,SYDNEY_TV
AUS,NSW,DENMAN,SYDNEY_TV
AUS,NSW,GOOLOOGONG,SYDNEY_TV
AUS,NSW,PATERSON,SYDNEY_TV
AUS,NSW,CALLAGHAN,SYDNEY_TV
AUS,NSW,GRASMERE,SYDNEY_TV
AUS,NSW,SOUTH_GOLDEN_BEACH,SYDNEY_TV
AUS,NSW,ABERDEEN,SYDNEY_TV
AUS,NSW,BERRY_PARK,SYDNEY_TV
AUS,NSW,TOMAGO,SYDNEY_TV
AUS,NSW,WEE_WAA,SYDNEY_TV
AUS,NSW,BINGARA,SYDNEY_TV
AUS,NSW,JUNEE,SYDNEY_TV
AUS,NSW,LORN,SYDNEY_TV
AUS,NSW,MOLONG,SYDNEY_TV
AUS,NSW,TARRAWANNA,SYDNEY_TV
AUS,NSW,EVANS_HEAD,SYDNEY_TV
AUS,NSW,RIVERSIDE,SYDNEY_TV
AUS,NSW,TUNCURRY,SYDNEY_TV
AUS,NSW,WOODSTOCK,SYDNEY_TV
AUS,NSW,HARDEN,SYDNEY_TV
AUS,NSW,HOVELLS_CREEK,SYDNEY_TV
AUS,NSW,LINDEN,SYDNEY_TV
AUS,NSW,LOCHINVAR,SYDNEY_TV
AUS,NSW,SCOTLAND_ISLAND,SYDNEY_TV
AUS,NSW,TULLIMBAR,SYDNEY_TV
AUS,NSW,AFTERLEE,SYDNEY_TV
AUS,NSW,BOWNING,SYDNEY_TV
AUS,NSW,CLUNES,SYDNEY_TV
AUS,NSW,CROOKWELL,SYDNEY_TV
AUS,NSW,HOLBROOK,SYDNEY_TV
AUS,NSW,MOONEY_MOONEY,SYDNEY_TV
AUS,NSW,SWAN_BAY,SYDNEY_TV
AUS,NSW,WEST_WYALONG,SYDNEY_TV
AUS,NSW,BALRANALD,SYDNEY_TV
AUS,NSW,FEDERAL,SYDNEY_TV
AUS,NSW,HALLIDAYS_POINT,SYDNEY_TV
AUS,NSW,ST_GEORGES_BASIN,SYDNEY_TV
AUS,NSW,WALLALONG,SYDNEY_TV
AUS,NSW,WATERVIEW_HEIGHTS,SYDNEY_TV
AUS,NSW,WILLIAMTOWN,SYDNEY_TV
AUS,NSW,YARRAWONGA_PARK,SYDNEY_TV
AUS,NSW,DRAKE,SYDNEY_TV
AUS,NSW,ELLALONG,SYDNEY_TV
AUS,NSW,FINLEY,SYDNEY_TV
AUS,NSW,PAXTON,SYDNEY_TV
AUS,NSW,QUIRINDI,SYDNEY_TV
AUS,NSW,SEAHAM,SYDNEY_TV
AUS,NSW,URUNGA,SYDNEY_TV
AUS,NSW,WELLINGTON,SYDNEY_TV
AUS,NSW,WOMBARRA,SYDNEY_TV
AUS,NSW,BOWENFELS,SYDNEY_TV
AUS,NSW,BROULEE,SYDNEY_TV
AUS,NSW,COONABARABRAN,SYDNEY_TV
AUS,NSW,DOORALONG,SYDNEY_TV
AUS,NSW,HARTLEY,SYDNEY_TV
AUS,NSW,NORDS_WHARF,SYDNEY_TV
AUS,NSW,NORTH_RICHMOND,SYDNEY_TV
AUS,NSW,WARABROOK,SYDNEY_TV
AUS,NSW,WINDANG,SYDNEY_TV
AUS,NSW,BASIN_VIEW,SYDNEY_TV
AUS,NSW,DURI,SYDNEY_TV
AUS,NSW,EMERALD_BEACH,SYDNEY_TV
AUS,NSW,GLOUCESTER,SYDNEY_TV
AUS,NSW,GUNDAROO,SYDNEY_TV
AUS,NSW,NARRABRI,SYDNEY_TV
AUS,NSW,NARRANDERA,SYDNEY_TV
AUS,NSW,STROUD,SYDNEY_TV
AUS,NSW,CAPTAINS_FLAT,SYDNEY_TV
AUS,NSW,COWAN,SYDNEY_TV
AUS,NSW,FIDDLETOWN,SYDNEY_TV
AUS,NSW,FOXGROUND,SYDNEY_TV
AUS,NSW,HOWLONG,SYDNEY_TV
AUS,NSW,LARGS,SYDNEY_TV
AUS,NSW,MAIANBAR,SYDNEY_TV
AUS,NSW,MURRUMBATEMAN,SYDNEY_TV
AUS,NSW,ADAMINABY,SYDNEY_TV
AUS,NSW,BERGALIA,SYDNEY_TV
AUS,NSW,BERMAGUI,SYDNEY_TV
AUS,NSW,BOMBALA,SYDNEY_TV
AUS,NSW,EGLINTON,SYDNEY_TV
AUS,NSW,MOUNTAIN_CREEK,SYDNEY_TV
AUS,NSW,NEWRYBAR,SYDNEY_TV
AUS,NSW,NUMULGI,SYDNEY_TV
AUS,NSW,STANWELL_TOPS,SYDNEY_TV
AUS,NSW,SUSSEX_INLET,SYDNEY_TV
AUS,NSW,WOLLOMBI,SYDNEY_TV
AUS,NSW,WOODVILLE,SYDNEY_TV
AUS,NSW,BARELLAN,SYDNEY_TV
AUS,NSW,BEECHWOOD,SYDNEY_TV
AUS,NSW,BINNA_BURRA,SYDNEY_TV
AUS,NSW,BULLABURRA,SYDNEY_TV
AUS,NSW,CANOELANDS,SYDNEY_TV
AUS,NSW,DUNGOG,SYDNEY_TV
AUS,NSW,HILLSTON,SYDNEY_TV
AUS,NSW,JAMBEROO,SYDNEY_TV
AUS,NSW,LAKESLAND,SYDNEY_TV
AUS,NSW,MALUA_BAY,SYDNEY_TV
AUS,NSW,MILLFIELD,SYDNEY_TV
AUS,NSW,MOOBALL,SYDNEY_TV
AUS,NSW,MORVEN,SYDNEY_TV
AUS,NSW,NIMMITABEL,SYDNEY_TV
AUS,NSW,PEATS_RIDGE,SYDNEY_TV
AUS,NSW,SANDY_HOLLOW,SYDNEY_TV
AUS,NSW,STANNUM,SYDNEY_TV
AUS,NSW,TINTENBAR,SYDNEY_TV
AUS,NSW,TURA_BEACH,SYDNEY_TV
AUS,NSW,WILLOW_TREE,SYDNEY_TV
AUS,NSW,ABERFOYLE,SYDNEY_TV
AUS,NSW,ARRAWARRA,SYDNEY_TV
AUS,NSW,BALLDALE,SYDNEY_TV
AUS,NSW,BILPIN,SYDNEY_TV
AUS,NSW,BROOKFIELD,SYDNEY_TV
AUS,NSW,COROWA,SYDNEY_TV
AUS,NSW,DALTON,SYDNEY_TV
AUS,NSW,BELFORD,SYDNEY_TV
AUS,NSW,BOOROWA,SYDNEY_TV
AUS,NSW,BRUNSWICK_HEADS,SYDNEY_TV
AUS,NSW,BULAHDELAH,SYDNEY_TV
AUS,NSW,COLO_VALE,SYDNEY_TV
AUS,NSW,EWINGSDALE,SYDNEY_TV
AUS,NSW,HUSKISSON,SYDNEY_TV
AUS,NSW,KENDALL,SYDNEY_TV
AUS,NSW,LONG_BEACH,SYDNEY_TV
AUS,NSW,NYNGAN,SYDNEY_TV
AUS,NSW,SAFETY_BEACH,SYDNEY_TV
AUS,NSW,SOUTH_GRAFTON,SYDNEY_TV
AUS,NSW,ULMARRA,SYDNEY_TV
AUS,NSW,WALLERAWANG,SYDNEY_TV
AUS,NSW,DELUNGRA,SYDNEY_TV
AUS,NSW,DOLANS_BAY,SYDNEY_TV
AUS,NSW,FOREST_HILL,SYDNEY_TV
AUS,NSW,POKOLBIN,SYDNEY_TV
AUS,NSW,SOLDIERS_POINT,SYDNEY_TV
AUS,NSW,TABULAM,SYDNEY_TV
AUS,NSW,WARIALDA,SYDNEY_TV
AUS,NSW,ABERCROMBIE,SYDNEY_TV
AUS,NSW,BEN_BULLEN,SYDNEY_TV
AUS,NSW,CAMBERWELL,SYDNEY_TV
AUS,NSW,DALMENY,SYDNEY_TV
AUS,NSW,DORRIGO,SYDNEY_TV
AUS,NSW,DORROUGHBY,SYDNEY_TV
AUS,NSW,DUNOON,SYDNEY_TV
AUS,NSW,GEORGICA,SYDNEY_TV
AUS,NSW,GIDGINBUNG,SYDNEY_TV
AUS,NSW,GOWRIE,SYDNEY_TV
AUS,NSW,LOCKHART,SYDNEY_TV
AUS,NSW,LOWER_PORTLAND,SYDNEY_TV
AUS,NSW,MOUNT_HUNTER,SYDNEY_TV
AUS,NSW,MURRINGO,SYDNEY_TV
AUS,NSW,NEW_BRIGHTON,SYDNEY_TV
AUS,NSW,SAPPHIRE,SYDNEY_TV
AUS,NSW,TINONEE,SYDNEY_TV
AUS,NSW,YANDERRA,SYDNEY_TV
AUS,NSW,YENDA,SYDNEY_TV
AUS,NSW,BENTLEY,SYDNEY_TV
AUS,NSW,DANGAR_ISLAND,SYDNEY_TV
AUS,NSW,DURANBAH,SYDNEY_TV
AUS,NSW,GILGANDRA,SYDNEY_TV
AUS,NSW,GLENCOE,SYDNEY_TV
AUS,NSW,HANWOOD,SYDNEY_TV
AUS,NSW,MARRANGAROO,SYDNEY_TV
AUS,NSW,PATONGA,SYDNEY_TV
AUS,NSW,PENROSE,SYDNEY_TV
AUS,NSW,RED_ROCK,SYDNEY_TV
AUS,NSW,THORA,SYDNEY_TV
AUS,NSW,URALLA,SYDNEY_TV
AUS,NSW,BERRIGAN,SYDNEY_TV
AUS,NSW,GODFREYS_CREEK,SYDNEY_TV
AUS,NSW,JINDERA,SYDNEY_TV
AUS,NSW,MILTON,SYDNEY_TV
AUS,NSW,MINNAMURRA,SYDNEY_TV
AUS,NSW,MULWALA,SYDNEY_TV
AUS,NSW,NOWENDOC,SYDNEY_TV
AUS,NSW,NYMBOIDA,SYDNEY_TV
AUS,NSW,PORTLAND,SYDNEY_TV
AUS,NSW,TATHRA,SYDNEY_TV
AUS,NSW,TENTERFIELD,SYDNEY_TV
AUS,NSW,UKI,SYDNEY_TV
AUS,NSW,WEROMBI,SYDNEY_TV
AUS,NSW,ANGLEDALE,SYDNEY_TV
AUS,NSW,BANDON,SYDNEY_TV
AUS,NSW,BOAT_HARBOUR,SYDNEY_TV
AUS,NSW,BURRILL_LAKE,SYDNEY_TV
AUS,NSW,CAWDOR,SYDNEY_TV
AUS,NSW,COOMBA_PARK,SYDNEY_TV
AUS,NSW,GUNDERMAN,SYDNEY_TV
AUS,NSW,ILLABO,SYDNEY_TV
AUS,NSW,ILUKA,SYDNEY_TV
AUS,NSW,LAUGHTONDALE,SYDNEY_TV
AUS,NSW,MERRIWA,SYDNEY_TV
AUS,NSW,NANA_GLEN,SYDNEY_TV
AUS,NSW,OSBORNE,SYDNEY_TV
AUS,NSW,TOCUMWAL,SYDNEY_TV
AUS,NSW,TOMERONG,SYDNEY_TV
AUS,NSW,TUROSS_HEAD,SYDNEY_TV
AUS,NSW,WINDERMERE_PARK,SYDNEY_TV
AUS,NSW,WOODBURN,SYDNEY_TV
AUS,NSW,YERONG_CREEK,SYDNEY_TV
AUS,NSW,BILLINUDGEL,SYDNEY_TV
AUS,NSW,DURREN_DURREN,SYDNEY_TV
AUS,NSW,EROWAL_BAY,SYDNEY_TV
AUS,NSW,FINGAL_BAY,SYDNEY_TV
AUS,NSW,GOONENGERRY,SYDNEY_TV
AUS,NSW,KARUAH,SYDNEY_TV
AUS,NSW,KOORAGANG,SYDNEY_TV
AUS,NSW,LARNOOK,SYDNEY_TV
AUS,NSW,LOWER_MANGROVE,SYDNEY_TV
AUS,NSW,MARTINSVILLE,SYDNEY_TV
AUS,NSW,SALT_ASH,SYDNEY_TV
AUS,NSW,SPRING_RIDGE,SYDNEY_TV
AUS,NSW,WARDELL,SYDNEY_TV
AUS,NSW,WATTLE_FLAT,SYDNEY_TV
AUS,NSW,WOMBOOTA,SYDNEY_TV
AUS,NSW,BOOKHAM,SYDNEY_TV
AUS,NSW,CADGEE,SYDNEY_TV
AUS,NSW,CHARLOTTE_BAY,SYDNEY_TV
AUS,NSW,CONDONG,SYDNEY_TV
AUS,NSW,COONAMBLE,SYDNEY_TV
AUS,NSW,KOOTINGAL,SYDNEY_TV
AUS,NSW,MISSABOTTI,SYDNEY_TV
AUS,NSW,MOGO,SYDNEY_TV
AUS,NSW,MOUNT_KEIRA,SYDNEY_TV
AUS,NSW,ROSEBANK,SYDNEY_TV
AUS,NSW,RYLSTONE,SYDNEY_TV
AUS,NSW,SPENCER,SYDNEY_TV
AUS,NSW,THE_SLOPES,SYDNEY_TV
AUS,NSW,BALD_HILLS,SYDNEY_TV
AUS,NSW,BRAIDWOOD,SYDNEY_TV
AUS,NSW,CALGA,SYDNEY_TV
AUS,NSW,DUNEDOO,SYDNEY_TV
AUS,NSW,GULGONG,SYDNEY_TV
AUS,NSW,HAWKS_NEST,SYDNEY_TV
AUS,NSW,LIDSDALE,SYDNEY_TV
AUS,NSW,LYNDHURST,SYDNEY_TV
AUS,NSW,MEERSCHAUM_VALE,SYDNEY_TV
AUS,NSW,MOUNT_VICTORIA,SYDNEY_TV
AUS,NSW,MULLALEY,SYDNEY_TV
AUS,NSW,NORTH_TUMBULGUM,SYDNEY_TV
AUS,NSW,PLEASANT_HILLS,SYDNEY_TV
AUS,NSW,SEAHAMPTON,SYDNEY_TV
AUS,NSW,THE_CHANNON,SYDNEY_TV
AUS,NSW,WALGETT,SYDNEY_TV
AUS,NSW,WINDEYER,SYDNEY_TV
AUS,NSW,ARAKOON,SYDNEY_TV
AUS,NSW,BAYVIEW,SYDNEY_TV
AUS,NSW,BEN_LOMOND,SYDNEY_TV
AUS,NSW,BONNY_HILLS,SYDNEY_TV
AUS,NSW,CAMBEWARRA,SYDNEY_TV
AUS,NSW,COUTTS_CROSSING,SYDNEY_TV
AUS,NSW,CULCAIRN,SYDNEY_TV
AUS,NSW,DUNMORE,SYDNEY_TV
AUS,NSW,ELLENBOROUGH,SYDNEY_TV
AUS,NSW,GLENIFFER,SYDNEY_TV
AUS,NSW,JASPERS_BRUSH,SYDNEY_TV
AUS,NSW,KANDOS,SYDNEY_TV
AUS,NSW,KANGAROO_VALLEY,SYDNEY_TV
AUS,NSW,LAGGAN,SYDNEY_TV
AUS,NSW,MANILDRA,SYDNEY_TV
AUS,NSW,MOUNT_GEORGE,SYDNEY_TV
AUS,NSW,MURRAMI,SYDNEY_TV
AUS,NSW,MURRURUNDI,SYDNEY_TV
AUS,NSW,OAKHAMPTON,SYDNEY_TV
AUS,NSW,PAPPINBARRA,SYDNEY_TV
AUS,NSW,PEAK_HILL,SYDNEY_TV
AUS,NSW,PHILLIP_BAY,SYDNEY_TV
AUS,NSW,PIGGABEEN,SYDNEY_TV
AUS,NSW,RAINBOW_FLAT,SYDNEY_TV
AUS,NSW,ROSEDALE,SYDNEY_TV
AUS,NSW,STOKERS_SIDING,SYDNEY_TV
AUS,NSW,THERESA_PARK,SYDNEY_TV
AUS,NSW,WANDANDIAN,SYDNEY_TV
AUS,NSW,WARREN,SYDNEY_TV
AUS,NSW,WENTWORTH,SYDNEY_TV
AUS,NSW,WOLLOMOMBI,SYDNEY_TV
AUS,NSW,WOOTTON,SYDNEY_TV
AUS,NSW,YERRINBOOL,SYDNEY_TV
AUS,NSW,ADELONG,SYDNEY_TV
AUS,NSW,ALDAVILLA,SYDNEY_TV
AUS,NSW,ALICE,SYDNEY_TV
AUS,NSW,BARRABA,SYDNEY_TV
AUS,NSW,BAW_BAW,SYDNEY_TV
AUS,NSW,BELL,SYDNEY_TV
AUS,NSW,BLAYNEY,SYDNEY_TV
AUS,NSW,BOBIN,SYDNEY_TV
AUS,NSW,BOGGABRI,SYDNEY_TV
AUS,NSW,BREADALBANE,SYDNEY_TV
AUS,NSW,BURRINGBAR,SYDNEY_TV
AUS,NSW,BYWONG,SYDNEY_TV
AUS,NSW,CRESCENT_HEAD,SYDNEY_TV
AUS,NSW,EMMAVILLE,SYDNEY_TV
AUS,NSW,GILMORE,SYDNEY_TV
AUS,NSW,JERILDERIE,SYDNEY_TV
AUS,NSW,KANGIARA,SYDNEY_TV
AUS,NSW,KITCHENER,SYDNEY_TV
AUS,NSW,LAGUNA,SYDNEY_TV
AUS,NSW,LAKE_ALBERT,SYDNEY_TV
AUS,NSW,MULBRING,SYDNEY_TV
AUS,NSW,NABIAC,SYDNEY_TV
AUS,NSW,OLD_EROWAL_BAY,SYDNEY_TV
AUS,NSW,PARKVILLE,SYDNEY_TV
AUS,NSW,RETREAT,SYDNEY_TV
AUS,NSW,SALISBURY,SYDNEY_TV
AUS,NSW,SMITHS_CREEK,SYDNEY_TV
AUS,NSW,SMITHS_LAKE,SYDNEY_TV
AUS,NSW,STUARTS_POINT,SYDNEY_TV
AUS,NSW,TABLE_TOP,SYDNEY_TV
AUS,NSW,VACY,SYDNEY_TV
AUS,NSW,VALLA,SYDNEY_TV
AUS,NSW,WATSONS_BAY,SYDNEY_TV
AUS,NSW,YETHOLME,SYDNEY_TV
AUS,NSW,BALLIMORE,SYDNEY_TV
AUS,NSW,BANNABY,SYDNEY_TV
AUS,NSW,BODALLA,SYDNEY_TV
AUS,NSW,BRANDY_HILL,SYDNEY_TV
AUS,NSW,BRINDABELLA,SYDNEY_TV
AUS,NSW,BURRAPINE,SYDNEY_TV
AUS,NSW,CENTRAL_TILBA,SYDNEY_TV
AUS,NSW,COOLAC,SYDNEY_TV
AUS,NSW,CORAKI,SYDNEY_TV
AUS,NSW,CUMBALUM,SYDNEY_TV
AUS,NSW,DYERS_CROSSING,SYDNEY_TV
AUS,NSW,EUROBODALLA,SYDNEY_TV
AUS,NSW,FALLS_CREEK,SYDNEY_TV
AUS,NSW,GUNDY,SYDNEY_TV
AUS,NSW,HENTY,SYDNEY_TV
AUS,NSW,JERRYS_PLAINS,SYDNEY_TV
AUS,NSW,LEGUME,SYDNEY_TV
AUS,NSW,MANILLA,SYDNEY_TV
AUS,NSW,MEROO,SYDNEY_TV
AUS,NSW,MILLTHORPE,SYDNEY_TV
AUS,NSW,MORUYA_HEADS,SYDNEY_TV
AUS,NSW,MUNGINDI,SYDNEY_TV
AUS,NSW,NORTH_ARM_COVE,SYDNEY_TV
AUS,NSW,REPTON,SYDNEY_TV
AUS,NSW,RUGBY,SYDNEY_TV
AUS,NSW,RYAN,SYDNEY_TV
AUS,NSW,SCARBOROUGH,SYDNEY_TV
AUS,NSW,TARANA,SYDNEY_TV
AUS,NSW,TEVEN,SYDNEY_TV
AUS,NSW,TIBOOBURRA,SYDNEY_TV
AUS,NSW,TULLIBIGEAL,SYDNEY_TV
AUS,NSW,URANA,SYDNEY_TV
AUS,NSW,WALLA_WALLA,SYDNEY_TV
AUS,NSW,WILLOW_VALE,SYDNEY_TV
AUS,NSW,ABERNETHY,SYDNEY_TV
AUS,NSW,ARDLETHAN,SYDNEY_TV
AUS,NSW,ASHFORD,SYDNEY_TV
AUS,NSW,AVONDALE,SYDNEY_TV
AUS,NSW,BEMBOKA,SYDNEY_TV
AUS,NSW,BIMBI,SYDNEY_TV
AUS,NSW,BOBS_FARM,SYDNEY_TV
AUS,NSW,BOORAL,SYDNEY_TV
AUS,NSW,BOOYONG,SYDNEY_TV
AUS,NSW,BROWNLOW_HILL,SYDNEY_TV
AUS,NSW,CLIFTON,SYDNEY_TV
AUS,NSW,COURIDJAH,SYDNEY_TV
AUS,NSW,CRAIGIE,SYDNEY_TV
AUS,NSW,DEEPWATER,SYDNEY_TV
AUS,NSW,DUCKENFIELD,SYDNEY_TV
AUS,NSW,ELLERSTON,SYDNEY_TV
AUS,NSW,ELVINA_BAY,SYDNEY_TV
AUS,NSW,EUGOWRA,SYDNEY_TV
AUS,NSW,FERNLEIGH,SYDNEY_TV
AUS,NSW,FREDERICKTON,SYDNEY_TV
AUS,NSW,FULLERTON,SYDNEY_TV
AUS,NSW,HASTINGS_POINT,SYDNEY_TV
AUS,NSW,JIGGI,SYDNEY_TV
AUS,NSW,JINGELLIC,SYDNEY_TV
AUS,NSW,KOORAINGHAT,SYDNEY_TV
AUS,NSW,LAKE_BATHURST,SYDNEY_TV
AUS,NSW,MCLEANS_RIDGES,SYDNEY_TV
AUS,NSW,MINMI,SYDNEY_TV
AUS,NSW,MODANVILLE,SYDNEY_TV
AUS,NSW,MOGENDOURA,SYDNEY_TV
AUS,NSW,MYLESTOM,SYDNEY_TV
AUS,NSW,NOBBYS_CREEK,SYDNEY_TV
AUS,NSW,NULLAMANNA,SYDNEY_TV
AUS,NSW,PALM_GROVE,SYDNEY_TV
AUS,NSW,PILLAR_VALLEY,SYDNEY_TV
AUS,NSW,QUANDIALLA,SYDNEY_TV
AUS,NSW,ROBERTSON,SYDNEY_TV
AUS,NSW,SANDY_BEACH,SYDNEY_TV
AUS,NSW,TARLO,SYDNEY_TV
AUS,NSW,TINGHA,SYDNEY_TV
AUS,NSW,TORRINGTON,SYDNEY_TV
AUS,NSW,TREGEAGLE,SYDNEY_TV
AUS,NSW,TYALGUM,SYDNEY_TV
AUS,NSW,TYNDALE,SYDNEY_TV
AUS,NSW,UPPER_ORARA,SYDNEY_TV
AUS,NSW,WARKWORTH,SYDNEY_TV
AUS,NSW,WOMBAT,SYDNEY_TV
AUS,NSW,WYALONG,SYDNEY_TV
AUS,NSW,YOOGALI,SYDNEY_TV
AUS,NSW,AMAROO,SYDNEY_TV
AUS,NSW,AYLMERTON,SYDNEY_TV
AUS,NSW,BACKMEDE,SYDNEY_TV
AUS,NSW,BARADINE,SYDNEY_TV
AUS,NSW,BAROOGA,SYDNEY_TV
AUS,NSW,BEELBANGERA,SYDNEY_TV
AUS,NSW,BLACK_MOUNTAIN,SYDNEY_TV
AUS,NSW,BROADWATER,SYDNEY_TV
AUS,NSW,BUSBYS_FLAT,SYDNEY_TV
AUS,NSW,CALLALA_BAY,SYDNEY_TV
AUS,NSW,CARCOAR,SYDNEY_TV
AUS,NSW,COALCLIFF,SYDNEY_TV
AUS,NSW,COOPERNOOK,SYDNEY_TV
AUS,NSW,CRABBES_CREEK,SYDNEY_TV
AUS,NSW,CUMNOCK,SYDNEY_TV
AUS,NSW,DEEP_CREEK,SYDNEY_TV
AUS,NSW,DOON_DOON,SYDNEY_TV
AUS,NSW,EMPIRE_VALE,SYDNEY_TV
AUS,NSW,ESTELLA,SYDNEY_TV
AUS,NSW,EUREKA,SYDNEY_TV
AUS,NSW,GALONG,SYDNEY_TV
AUS,NSW,GERROA,SYDNEY_TV
AUS,NSW,GURLEY,SYDNEY_TV
AUS,NSW,KEW,SYDNEY_TV
AUS,NSW,LAKE_CARGELLIGO,SYDNEY_TV
AUS,NSW,LAKE_TABOURIE,SYDNEY_TV
AUS,NSW,LIMEBURNERS_CREEK,SYDNEY_TV
AUS,NSW,MANDALONG,SYDNEY_TV
AUS,NSW,MATHOURA,SYDNEY_TV
AUS,NSW,MAYFIELD,SYDNEY_TV
AUS,NSW,MIANDETTA,SYDNEY_TV
AUS,NSW,MINIMBAH,SYDNEY_TV
AUS,NSW,MITCHELLS_FLAT,SYDNEY_TV
AUS,NSW,MOONBI,SYDNEY_TV
AUS,NSW,MOONEE_BEACH,SYDNEY_TV
AUS,NSW,MOUNT_BURRELL,SYDNEY_TV
AUS,NSW,NASHUA,SYDNEY_TV
AUS,NSW,NEWBRIDGE,SYDNEY_TV
AUS,NSW,NORTH_HAVEN,SYDNEY_TV
AUS,NSW,OLINDA,SYDNEY_TV
AUS,NSW,PERTHVILLE,SYDNEY_TV
AUS,NSW,PILLIGA,SYDNEY_TV
AUS,NSW,RAWDON_ISLAND,SYDNEY_TV
AUS,NSW,SCOTTS_HEAD,SYDNEY_TV
AUS,NSW,TALLONG,SYDNEY_TV
AUS,NSW,TOTTENHAM,SYDNEY_TV
AUS,NSW,TRANGIE,SYDNEY_TV
AUS,NSW,TULLAMORE,SYDNEY_TV
AUS,NSW,TYAGARAH,SYDNEY_TV
AUS,NSW,WHIAN_WHIAN,SYDNEY_TV
AUS,NSW,WOODENBONG,SYDNEY_TV
AUS,NSW,WOODVIEW,SYDNEY_TV
AUS,NSW,WOOLBROOK,SYDNEY_TV
AUS,NSW,WYRALLAH,SYDNEY_TV
AUS,NSW,ALECTOWN,SYDNEY_TV
AUS,NSW,ALLWORTH,SYDNEY_TV
AUS,NSW,ARGENTS_HILL,SYDNEY_TV
AUS,NSW,ARIAH_PARK,SYDNEY_TV
AUS,NSW,BARRAGANYATTI,SYDNEY_TV
AUS,NSW,BARRENGARRY,SYDNEY_TV
AUS,NSW,BECKOM,SYDNEY_TV
AUS,NSW,BELLATA,SYDNEY_TV
AUS,NSW,BELLAWONGARAH,SYDNEY_TV
AUS,NSW,BELLTREES,SYDNEY_TV
AUS,NSW,BERRARA,SYDNEY_TV
AUS,NSW,BLACKVILLE,SYDNEY_TV
AUS,NSW,BLAKEBROOK,SYDNEY_TV
AUS,NSW,BLANDFORD,SYDNEY_TV
AUS,NSW,BOOLAMBAYTE,SYDNEY_TV
AUS,NSW,BOREE_CREEK,SYDNEY_TV
AUS,NSW,BORENORE,SYDNEY_TV
AUS,NSW,BRAEMAR,SYDNEY_TV
AUS,NSW,BREWARRINA,SYDNEY_TV
AUS,NSW,BROGO,SYDNEY_TV
AUS,NSW,BROKE,SYDNEY_TV
AUS,NSW,BROOKLET,SYDNEY_TV
AUS,NSW,BROOMS_HEAD,SYDNEY_TV
AUS,NSW,BUNDARRA,SYDNEY_TV
AUS,NSW,BUNGONIA,SYDNEY_TV
AUS,NSW,BURREN_JUNCTION,SYDNEY_TV
AUS,NSW,CARGO,SYDNEY_TV
AUS,NSW,CAROONA,SYDNEY_TV
AUS,NSW,CAWONGLA,SYDNEY_TV
AUS,NSW,CLOTHIERS_CREEK,SYDNEY_TV
AUS,NSW,CLYBUCCA,SYDNEY_TV
AUS,NSW,COOLAH,SYDNEY_TV
AUS,NSW,COOLAMON,SYDNEY_TV
AUS,NSW,COOLONGOLOOK,SYDNEY_TV
AUS,NSW,COOMBELL,SYDNEY_TV
AUS,NSW,CORNDALE,SYDNEY_TV
AUS,NSW,CROPPA_CREEK,SYDNEY_TV
AUS,NSW,CULLEN_BULLEN,SYDNEY_TV
AUS,NSW,CUNDLETOWN,SYDNEY_TV
AUS,NSW,ERARING,SYDNEY_TV
AUS,NSW,EUMUNGERIE,SYDNEY_TV
AUS,NSW,EUSTON,SYDNEY_TV
AUS,NSW,FASSIFERN,SYDNEY_TV
AUS,NSW,FISHERMANS_PARADISE,SYDNEY_TV
AUS,NSW,FROGMORE,SYDNEY_TV
AUS,NSW,GIRVAN,SYDNEY_TV
AUS,NSW,GOOLMANGAR,SYDNEY_TV
AUS,NSW,GRATTAI,SYDNEY_TV
AUS,NSW,GREENETHORPE,SYDNEY_TV
AUS,NSW,GREENWELL_POINT,SYDNEY_TV
AUS,NSW,GULARGAMBONE,SYDNEY_TV
AUS,NSW,GUM_SCRUB,SYDNEY_TV
AUS,NSW,HAMPTON,SYDNEY_TV
AUS,NSW,HARGRAVES,SYDNEY_TV
AUS,NSW,HATFIELD,SYDNEY_TV
AUS,NSW,HEXHAM,SYDNEY_TV
AUS,NSW,HINTON,SYDNEY_TV
AUS,NSW,HYLAND_PARK,SYDNEY_TV
AUS,NSW,JUGIONG,SYDNEY_TV
AUS,NSW,KARANGI,SYDNEY_TV
AUS,NSW,KEERA,SYDNEY_TV
AUS,NSW,KELVIN,SYDNEY_TV
AUS,NSW,KHANCOBAN,SYDNEY_TV
AUS,NSW,KILLAWARRA,SYDNEY_TV
AUS,NSW,KINGS_POINT,SYDNEY_TV
AUS,NSW,KIOLOA,SYDNEY_TV
AUS,NSW,KUNDABUNG,SYDNEY_TV
AUS,NSW,MALDON,SYDNEY_TV
AUS,NSW,MARTINS_CREEK,SYDNEY_TV
AUS,NSW,MARULAN,SYDNEY_TV
AUS,NSW,MCKEES_HILL,SYDNEY_TV
AUS,NSW,MEGALONG,SYDNEY_TV
AUS,NSW,MENDOORAN,SYDNEY_TV
AUS,NSW,MOONAN_FLAT,SYDNEY_TV
AUS,NSW,MOUNT_PLEASANT,SYDNEY_TV
AUS,NSW,NANGUS,SYDNEY_TV
AUS,NSW,NEATH,SYDNEY_TV
AUS,NSW,NEMINGHA,SYDNEY_TV
AUS,NSW,NORTH_LISMORE,SYDNEY_TV
AUS,NSW,NUMERALLA,SYDNEY_TV
AUS,NSW,OAKLANDS,SYDNEY_TV
AUS,NSW,OBLEY,SYDNEY_TV
AUS,NSW,OLD_BONALBO,SYDNEY_TV
AUS,NSW,OTFORD,SYDNEY_TV
AUS,NSW,OXLEY_ISLAND,SYDNEY_TV
AUS,NSW,PALMVALE,SYDNEY_TV
AUS,NSW,POSSUM_BRUSH,SYDNEY_TV
AUS,NSW,RED_RANGE,SYDNEY_TV
AUS,NSW,ROSSI,SYDNEY_TV
AUS,NSW,ROUS_MILL,SYDNEY_TV
AUS,NSW,RUNNING_STREAM,SYDNEY_TV
AUS,NSW,SEELANDS,SYDNEY_TV
AUS,NSW,SOUTHGATE,SYDNEY_TV
AUS,NSW,ST_ALBANS,SYDNEY_TV
AUS,NSW,TATHAM,SYDNEY_TV
AUS,NSW,THE_POCKET,SYDNEY_TV
AUS,NSW,THE_ROCK,SYDNEY_TV
AUS,NSW,TORRYBURN,SYDNEY_TV
AUS,NSW,TOWAMBA,SYDNEY_TV
AUS,NSW,TWELVE_MILE,SYDNEY_TV
AUS,NSW,UPPER_LANSDOWNE,SYDNEY_TV
AUS,NSW,UPPER_TURON,SYDNEY_TV
AUS,NSW,URANQUINTY,SYDNEY_TV
AUS,NSW,URBENVILLE,SYDNEY_TV
AUS,NSW,WANTABADGERY,SYDNEY_TV
AUS,NSW,WATTAMONDARA,SYDNEY_TV
AUS,NSW,WEST_RYDE,SYDNEY_TV
AUS,NSW,WILCANNIA,SYDNEY_TV
AUS,NSW,WIRRIMBI,SYDNEY_TV
AUS,NSW,WOLUMLA,SYDNEY_TV
AUS,NSW,WONGWIBINDA,SYDNEY_TV
AUS,NSW,WUULUMAN,SYDNEY_TV
AUS,NSW,YANCO,SYDNEY_TV
AUS,NSW,YARROWITCH,SYDNEY_TV
AUS,NSW,YARROWYCK,SYDNEY_TV
AUS,NSW,YEOVAL,SYDNEY_TV
AUS,NSW,YETMAN,SYDNEY_TV
AUS,NSW,ANGOURIE,SYDNEY_TV
AUS,NSW,ARALUEN,SYDNEY_TV
AUS,NSW,ARDING,SYDNEY_TV
AUS,NSW,ASHLEY,SYDNEY_TV
AUS,NSW,ATTUNGA,SYDNEY_TV
AUS,NSW,AVISFORD,SYDNEY_TV
AUS,NSW,BAERAMI,SYDNEY_TV
AUS,NSW,BALDRY,SYDNEY_TV
AUS,NSW,BARKERS_VALE,SYDNEY_TV
AUS,NSW,BARMEDMAN,SYDNEY_TV
AUS,NSW,BARRINGTON,SYDNEY_TV
AUS,NSW,BARYULGIL,SYDNEY_TV
AUS,NSW,BELGRAVIA,SYDNEY_TV
AUS,NSW,BELLANGRY,SYDNEY_TV
AUS,NSW,BELLBROOK,SYDNEY_TV
AUS,NSW,BENDEMEER,SYDNEY_TV
AUS,NSW,BERRIMA,SYDNEY_TV
AUS,NSW,BEXHILL,SYDNEY_TV
AUS,NSW,BINALONG,SYDNEY_TV
AUS,NSW,BINDA,SYDNEY_TV
AUS,NSW,BINNAWAY,SYDNEY_TV
AUS,NSW,BINYA,SYDNEY_TV
AUS,NSW,BLACK_SPRINGS,SYDNEY_TV
AUS,NSW,BLIGHTY,SYDNEY_TV
AUS,NSW,BONALBO,SYDNEY_TV
AUS,NSW,BORAMBOLA,SYDNEY_TV
AUS,NSW,BRAYS_CREEK,SYDNEY_TV
AUS,NSW,BRIERFIELD,SYDNEY_TV
AUS,NSW,BRUCEDALE,SYDNEY_TV
AUS,NSW,BRUSHGROVE,SYDNEY_TV
AUS,NSW,BUGALDIE,SYDNEY_TV
AUS,NSW,BULGA,SYDNEY_TV
AUS,NSW,BUNDOOK,SYDNEY_TV
AUS,NSW,BUNGWAHL,SYDNEY_TV
AUS,NSW,BUNYAH,SYDNEY_TV
AUS,NSW,BURONGA,SYDNEY_TV
AUS,NSW,BYABARRA,SYDNEY_TV
AUS,NSW,BYANGUM,SYDNEY_TV
AUS,NSW,BYLONG,SYDNEY_TV
AUS,NSW,CANDELO,SYDNEY_TV
AUS,NSW,CANOWINDRA,SYDNEY_TV
AUS,NSW,CARROLL,SYDNEY_TV
AUS,NSW,CHARBON,SYDNEY_TV
AUS,NSW,CLIFTON_GROVE,SYDNEY_TV
AUS,NSW,CLOVASS,SYDNEY_TV
AUS,NSW,COBBADAH,SYDNEY_TV
AUS,NSW,COLLARENEBRI,SYDNEY_TV
AUS,NSW,COLLECTOR,SYDNEY_TV
AUS,NSW,COOLANGATTA,SYDNEY_TV
AUS,NSW,COOPERABUNG,SYDNEY_TV
AUS,NSW,COOPERS_SHOOT,SYDNEY_TV
AUS,NSW,COPMANHURST,SYDNEY_TV
AUS,NSW,CORAMBA,SYDNEY_TV
AUS,NSW,COREEN,SYDNEY_TV
AUS,NSW,CUDAL,SYDNEY_TV
AUS,NSW,CUDGEN,SYDNEY_TV
AUS,NSW,CURLEWIS,SYDNEY_TV
AUS,NSW,CURRABUBULA,SYDNEY_TV
AUS,NSW,CURRARONG,SYDNEY_TV
AUS,NSW,DALGETY,SYDNEY_TV
AUS,NSW,DARAWANK,SYDNEY_TV
AUS,NSW,DIGNAMS_CREEK,SYDNEY_TV
AUS,NSW,DOYLES_CREEK,SYDNEY_TV
AUS,NSW,DUNDEE,SYDNEY_TV
AUS,NSW,DUNGAY,SYDNEY_TV
AUS,NSW,DUNGOWAN,SYDNEY_TV
AUS,NSW,DUNKELD,SYDNEY_TV
AUS,NSW,EATONSVILLE,SYDNEY_TV
AUS,NSW,EBOR,SYDNEY_TV
AUS,NSW,EDITH,SYDNEY_TV
AUS,NSW,ELSMORE,SYDNEY_TV
AUS,NSW,ELTHAM,SYDNEY_TV
AUS,NSW,EMERALD_HILL,SYDNEY_TV
AUS,NSW,EUABALONG_WEST,SYDNEY_TV
AUS,NSW,EUNGAI_CREEK,SYDNEY_TV
AUS,NSW,EUNGELLA,SYDNEY_TV
AUS,NSW,FARLEY,SYDNEY_TV
AUS,NSW,FERNMOUNT,SYDNEY_TV
AUS,NSW,FERODALE,SYDNEY_TV
AUS,NSW,FIFIELD,SYDNEY_TV
AUS,NSW,GANMAIN,SYDNEY_TV
AUS,NSW,GARAH,SYDNEY_TV
AUS,NSW,GAREMA,SYDNEY_TV
AUS,NSW,GEROGERY,SYDNEY_TV
AUS,NSW,GEURIE,SYDNEY_TV
AUS,NSW,GILGAI,SYDNEY_TV
AUS,NSW,GLADSTONE,SYDNEY_TV
AUS,NSW,GLENQUARRY,SYDNEY_TV
AUS,NSW,GLENREAGH,SYDNEY_TV
AUS,NSW,GOOLGOWI,SYDNEY_TV
AUS,NSW,GOOLMA,SYDNEY_TV
AUS,NSW,GRABBEN_GULLEN,SYDNEY_TV
AUS,NSW,GRAVESEND,SYDNEY_TV
AUS,NSW,GRESFORD,SYDNEY_TV
AUS,NSW,GRONG_GRONG,SYDNEY_TV
AUS,NSW,HANGING_ROCK,SYDNEY_TV
AUS,NSW,HAT_HEAD,SYDNEY_TV
AUS,NSW,HERMIDALE,SYDNEY_TV
AUS,NSW,HERNANI,SYDNEY_TV
AUS,NSW,HILLDALE,SYDNEY_TV
AUS,NSW,HUONBROOK,SYDNEY_TV
AUS,NSW,ISABELLA,SYDNEY_TV
AUS,NSW,JERRAWANGALA,SYDNEY_TV
AUS,NSW,JERSEYVILLE,SYDNEY_TV
AUS,NSW,KALARU,SYDNEY_TV
AUS,NSW,KALKITE,SYDNEY_TV
AUS,NSW,KEITH_HALL,SYDNEY_TV
AUS,NSW,KENTUCKY,SYDNEY_TV
AUS,NSW,KIANGA,SYDNEY_TV
AUS,NSW,KINGSVALE,SYDNEY_TV
AUS,NSW,KNOCKROW,SYDNEY_TV
AUS,NSW,KOONORIGAN,SYDNEY_TV
AUS,NSW,KOORAWATHA,SYDNEY_TV
AUS,NSW,KUNGALA,SYDNEY_TV
AUS,NSW,LAUREL_HILL,SYDNEY_TV
AUS,NSW,LIGHTNING_RIDGE,SYDNEY_TV
AUS,NSW,LOCHIEL,SYDNEY_TV
AUS,NSW,LORNE,SYDNEY_TV
AUS,NSW,LOSTOCK,SYDNEY_TV
AUS,NSW,LOUTH,SYDNEY_TV
AUS,NSW,MAJORS_CREEK,SYDNEY_TV
AUS,NSW,MALLANGANEE,SYDNEY_TV
AUS,NSW,MANDURAMA,SYDNEY_TV
AUS,NSW,MANGOPLAH,SYDNEY_TV
AUS,NSW,MANGROVE_CREEK,SYDNEY_TV
AUS,NSW,MARLEE,SYDNEY_TV
AUS,NSW,MEADOW_FLAT,SYDNEY_TV
AUS,NSW,MEDLOW_BATH,SYDNEY_TV
AUS,NSW,MICHELAGO,SYDNEY_TV
AUS,NSW,MIDGINBIL,SYDNEY_TV
AUS,NSW,MILLERS_FOREST,SYDNEY_TV
AUS,NSW,MILLINGANDI,SYDNEY_TV
AUS,NSW,MITCHELL,SYDNEY_TV
AUS,NSW,MITCHELLS_ISLAND,SYDNEY_TV
AUS,NSW,MONGOGARIE,SYDNEY_TV
AUS,NSW,MOORLAND,SYDNEY_TV
AUS,NSW,MORNING_BAY,SYDNEY_TV
AUS,NSW,MORTON,SYDNEY_TV
AUS,NSW,MORTONS_CREEK,SYDNEY_TV
AUS,NSW,MOSSY_POINT,SYDNEY_TV
AUS,NSW,MOUNT_VIEW,SYDNEY_TV
AUS,NSW,MOUNT_WILSON,SYDNEY_TV
AUS,NSW,MOWBRAY_PARK,SYDNEY_TV
AUS,NSW,MULLION_CREEK,SYDNEY_TV
AUS,NSW,MURRUMBUCCA,SYDNEY_TV
AUS,NSW,NASHDALE,SYDNEY_TV
AUS,NSW,NERRIGA,SYDNEY_TV
AUS,NSW,NEVERTIRE,SYDNEY_TV
AUS,NSW,NUMBUGGA,SYDNEY_TV
AUS,NSW,NUMINBAH,SYDNEY_TV
AUS,NSW,NUNDLE,SYDNEY_TV
AUS,NSW,OURA,SYDNEY_TV
AUS,NSW,PALLAMALLAWA,SYDNEY_TV
AUS,NSW,PAMPOOLAH,SYDNEY_TV
AUS,NSW,PEEL,SYDNEY_TV
AUS,NSW,PEELWOOD,SYDNEY_TV
AUS,NSW,PIALLAMORE,SYDNEY_TV
AUS,NSW,PIMLICO,SYDNEY_TV
AUS,NSW,PINDIMAR,SYDNEY_TV
AUS,NSW,POONCARIE,SYDNEY_TV
AUS,NSW,PORTERS_RETREAT,SYDNEY_TV
AUS,NSW,PREMER,SYDNEY_TV
AUS,NSW,PYREE,SYDNEY_TV
AUS,NSW,RAGLAN,SYDNEY_TV
AUS,NSW,RIVERVIEW,SYDNEY_TV
AUS,NSW,ROCKY_RIVER,SYDNEY_TV
AUS,NSW,ROLLANDS_PLAINS,SYDNEY_TV
AUS,NSW,ROUND_MOUNTAIN,SYDNEY_TV
AUS,NSW,RYDAL,SYDNEY_TV
AUS,NSW,SOFALA,SYDNEY_TV
AUS,NSW,SPRING_TERRACE,SYDNEY_TV
AUS,NSW,SPRINGDALE,SYDNEY_TV
AUS,NSW,STANBRIDGE,SYDNEY_TV
AUS,NSW,STEEPLE_FLAT,SYDNEY_TV
AUS,NSW,STOCKINBINGAL,SYDNEY_TV
AUS,NSW,STONEHENGE,SYDNEY_TV
AUS,NSW,SUTTON_FOREST,SYDNEY_TV
AUS,NSW,TALBINGO,SYDNEY_TV
AUS,NSW,TANJA,SYDNEY_TV
AUS,NSW,TAPITALLEE,SYDNEY_TV
AUS,NSW,TAYLORS_ARM,SYDNEY_TV
AUS,NSW,TERARA,SYDNEY_TV
AUS,NSW,TERMEIL,SYDNEY_TV
AUS,NSW,THE_BRANCH,SYDNEY_TV
AUS,NSW,TOMAKIN,SYDNEY_TV
AUS,NSW,TRUNDLE,SYDNEY_TV
AUS,NSW,TULLYMORGAN,SYDNEY_TV
AUS,NSW,TURONDALE,SYDNEY_TV
AUS,NSW,UNGARIE,SYDNEY_TV
AUS,NSW,UPPER_BURRINGBAR,SYDNEY_TV
AUS,NSW,UPPER_MYALL,SYDNEY_TV
AUS,NSW,UTUNGUN,SYDNEY_TV
AUS,NSW,WALLABI_POINT,SYDNEY_TV
AUS,NSW,WALLENDBEEN,SYDNEY_TV
AUS,NSW,WANAARING,SYDNEY_TV
AUS,NSW,WARBURN,SYDNEY_TV
AUS,NSW,WATERFALL,SYDNEY_TV
AUS,NSW,WATSONS_CREEK,SYDNEY_TV
AUS,NSW,WHERROL_FLAT,SYDNEY_TV
AUS,NSW,WHITE_CLIFFS,SYDNEY_TV
AUS,NSW,WILDES_MEADOW,SYDNEY_TV
AUS,NSW,WILLAWARRIN,SYDNEY_TV
AUS,NSW,WINDELLAMA,SYDNEY_TV
AUS,NSW,WINGELLO,SYDNEY_TV
AUS,NSW,WITTITRIN,SYDNEY_TV
AUS,NSW,WONGARBON,SYDNEY_TV
AUS,NSW,WOOLOMIN,SYDNEY_TV
AUS,NSW,WOOLOWEYAH,SYDNEY_TV
AUS,NSW,WOOMBAH,SYDNEY_TV
AUS,NSW,WYANGALA,SYDNEY_TV
BRA,SP,BARUERI,SAO_PAULO
BRA,SP,CAIEIRAS,SAO_PAULO
BRA,SP,CAJAMAR,SAO_PAULO
BRA,SP,CARAPICUIBA,SAO_PAULO
BRA,SP,COTIA,SAO_PAULO
BRA,SP,DIADEMA,SAO_PAULO
BRA,SP,EMBU,SAO_PAULO
BRA,SP,EMBU_GUACU,SAO_PAULO
BRA,SP,FRANCISCO_MORATO,SAO_PAULO
BRA,SP,FRANCO_DA_ROCHA,SAO_PAULO
BRA,SP,GUARULHOS,SAO_PAULO
BRA,SP,IBIUNA,SAO_PAULO
BRA,SP,ITAPECERICA_DA_SERRA,SAO_PAULO
BRA,SP,ITAPEVI,SAO_PAULO
BRA,SP,JANDIRA,SAO_PAULO
BRA,SP,JUQUITIBA,SAO_PAULO
BRA,SP,MAIRIPORA,SAO_PAULO
BRA,SP,MAUA,SAO_PAULO
BRA,SP,NAZARE_PAULISTA,SAO_PAULO
BRA,SP,OSASCO,SAO_PAULO
BRA,SP,PIRAPORA_DO_BOM_JESUS,SAO_PAULO
BRA,SP,RIBEIRAO_PIRES,SAO_PAULO
BRA,SP,RIO_GRANDE_DA_SERRA,SAO_PAULO
BRA,SP,SANTANA_DE_PARNAIBA,SAO_PAULO
BRA,SP,SANTO_ANDRE,SAO_PAULO
BRA,SP,SAO_BERNARDO_DO_CAMPO,SAO_PAULO
BRA,SP,SAO_CAETANO_DO_SUL,SAO_PAULO
BRA,SP,SAO_LOURENCO_DA_SERRA,SAO_PAULO
BRA,SP,SAO_PAULO,SAO_PAULO
BRA,SP,TABOAO_DA_SERRA,SAO_PAULO
BRA,SP,VARGEM_GRANDE_PAULISTA,SAO_PAULO
BRA,RJ,BELFORD_ROXO,RIO_DE_JANEIRO
BRA,RJ,DUQUE_DE_CAXIAS,RIO_DE_JANEIRO
BRA,RJ,GUAPIMIRIM,RIO_DE_JANEIRO
BRA,RJ,ITABORAI,RIO_DE_JANEIRO
BRA,RJ,ITAGUAI,RIO_DE_JANEIRO
BRA,RJ,JAPERI,RIO_DE_JANEIRO
BRA,RJ,MAGE,RIO_DE_JANEIRO
BRA,RJ,MANGARATIBA,RIO_DE_JANEIRO
BRA,RJ,MESQUITA,RIO_DE_JANEIRO
BRA,RJ,NILOPOLIS,RIO_DE_JANEIRO
BRA,RJ,NITEROI,RIO_DE_JANEIRO
BRA,RJ,NOVA_IGUACU,RIO_DE_JANEIRO
BRA,RJ,QUEIMADOS,RIO_DE_JANEIRO
BRA,RJ,RIO_DE_JANEIRO,RIO_DE_JANEIRO
BRA,RJ,SAO_GONCALO,RIO_DE_JANEIRO
BRA,RJ,SAO_JOAO_DE_MERITI,RIO_DE_JANEIRO
BRA,RJ,SEROPEDICA,RIO_DE_JANEIRO
BRA,RJ,TANGUA,RIO_DE_JANEIRO
BRA,MG,ABRE_CAMPO,BELO_HORIZONTE
BRA,MG,ACAIACA,BELO_HORIZONTE
BRA,MG,ALTO_CAPARAO,BELO_HORIZONTE
BRA,MG,ALTO_JEQUITIBA,BELO_HORIZONTE
BRA,MG,ALVINOPOLIS,BELO_HORIZONTE
BRA,MG,AMPARO_DO_SERRA,BELO_HORIZONTE
BRA,MG,ANTONIO_DIAS,BELO_HORIZONTE
BRA,MG,ARACAI,BELO_HORIZONTE
BRA,MG,ARAPONGA,BELO_HORIZONTE
BRA,MG,ARAPUA,BELO_HORIZONTE
BRA,MG,BALDIM,BELO_HORIZONTE
BRA,MG,BARAO_DE_COCAIS,BELO_HORIZONTE
BRA,MG,BARAO_DE_MONTE_ALTO,BELO_HORIZONTE
BRA,MG,BARRA_LONGA,BELO_HORIZONTE
BRA,MG,BELA_VISTA_DE_MINAS,BELO_HORIZONTE
BRA,MG,BELO_HORIZONTE,BELO_HORIZONTE
BRA,MG,BELO_VALE,BELO_HORIZONTE
BRA,MG,BETIM,BELO_HORIZONTE
BRA,MG,BOM_JESUS_DO_AMPARO,BELO_HORIZONTE
BRA,MG,BONFIM,BELO_HORIZONTE
BRA,MG,BRASILANDIA_DE_MINAS,BELO_HORIZONTE
BRA,MG,BRUMADINHO,BELO_HORIZONTE
BRA,MG,CACHOEIRA_DA_PRATA,BELO_HORIZONTE
BRA,MG,CAETANOPOLIS,BELO_HORIZONTE
BRA,MG,CAETE,BELO_HORIZONTE
BRA,MG,CAMACHO,BELO_HORIZONTE
BRA,MG,CANAA,BELO_HORIZONTE
BRA,MG,CAPARAO,BELO_HORIZONTE
BRA,MG,CAPELA_NOVA,BELO_HORIZONTE
BRA,MG,CAPIM_BRANCO,BELO_HORIZONTE
BRA,MG,CAPUTIRA,BELO_HORIZONTE
BRA,MG,CARANAIBA,BELO_HORIZONTE
BRA,MG,CASA_GRANDE,BELO_HORIZONTE
BRA,MG,CATAS_ALTAS,BELO_HORIZONTE
BRA,MG,CATAS_ALTAS_DA_NORUEGA,BELO_HORIZONTE
BRA,MG,COMENDADOR_GOMES,BELO_HORIZONTE
BRA,MG,CONCEICAO_DA_BARRA_DE_MINAS,BELO_HORIZONTE
BRA,MG,CONCEICAO_DO_MATO_DENTRO,BELO_HORIZONTE
BRA,MG,CONFINS,BELO_HORIZONTE
BRA,MG,CONGONHAS,BELO_HORIZONTE
BRA,MG,CONGONHAS_DO_NORTE,BELO_HORIZONTE
BRA,MG,CONSELHEIRO_LAFAIETE,BELO_HORIZONTE
BRA,MG,CONTAGEM,BELO_HORIZONTE
BRA,MG,CORDISBURGO,BELO_HORIZONTE
BRA,MG,CORONEL_XAVIER_CHAVES,BELO_HORIZONTE
BRA,MG,CRISTIANO_OTONI,BELO_HORIZONTE
BRA,MG,CRUCILANDIA,BELO_HORIZONTE
BRA,MG,DESTERRO_DE_ENTRE_RIOS,BELO_HORIZONTE
BRA,MG,DIAMANTINA,BELO_HORIZONTE
BRA,MG,DIOGO_DE_VASCONCELOS,BELO_HORIZONTE
BRA,MG,DOM_SILVERIO,BELO_HORIZONTE
BRA,MG,DURANDE,BELO_HORIZONTE
BRA,MG,ENTRE_RIOS_DE_MINAS,BELO_HORIZONTE
BRA,MG,ESMERALDAS,BELO_HORIZONTE
BRA,MG,FLORESTAL,BELO_HORIZONTE
BRA,MG,FORTUNA_DE_MINAS,BELO_HORIZONTE
BRA,MG,FUNILANDIA,BELO_HORIZONTE
BRA,MG,GUARACIABA,BELO_HORIZONTE
BRA,MG,IBIRITE,BELO_HORIZONTE
BRA,MG,IGARAPE,BELO_HORIZONTE
BRA,MG,INHAUMA,BELO_HORIZONTE
BRA,MG,ITABIRA,BELO_HORIZONTE
BRA,MG,ITABIRITO,BELO_HORIZONTE
BRA,MG,ITAGUARA,BELO_HORIZONTE
BRA,MG,ITAMBE_DO_MATO_DENTRO,BELO_HORIZONTE
BRA,MG,ITATIAIUCU,BELO_HORIZONTE
BRA,MG,ITAVERAVA,BELO_HORIZONTE
BRA,MG,JABOTICATUBAS,BELO_HORIZONTE
BRA,MG,JECEABA,BELO_HORIZONTE
BRA,MG,JEQUERI,BELO_HORIZONTE
BRA,MG,JEQUITIBA,BELO_HORIZONTE
BRA,MG,JOAO_MONLEVADE,BELO_HORIZONTE
BRA,MG,JUATUBA,BELO_HORIZONTE
BRA,MG,LAGOA_DOURADA,BELO_HORIZONTE
BRA,MG,LAGOA_SANTA,BELO_HORIZONTE
BRA,MG,LAMIM,BELO_HORIZONTE
BRA,MG,LUISBURGO,BELO_HORIZONTE
BRA,MG,MADRE_DE_DEUS_DE_MINAS,BELO_HORIZONTE
BRA,MG,MANHUACU,BELO_HORIZONTE
BRA,MG,MANHUMIRIM,BELO_HORIZONTE
BRA,MG,MARIANA,BELO_HORIZONTE
BRA,MG,MARIO_CAMPOS,BELO_HORIZONTE
BRA,MG,MARTINS_SOARES,BELO_HORIZONTE
BRA,MG,MATEUS_LEME,BELO_HORIZONTE
BRA,MG,MATIPO,BELO_HORIZONTE
BRA,MG,MATOZINHOS,BELO_HORIZONTE
BRA,MG,MOEDA,BELO_HORIZONTE
BRA,MG,MORADA_NOVA_DE_MINAS,BELO_HORIZONTE
BRA,MG,MORRO_DO_PILAR,BELO_HORIZONTE
BRA,MG,NOVA_ERA,BELO_HORIZONTE
BRA,MG,NOVA_LIMA,BELO_HORIZONTE
BRA,MG,NOVA_UNIAO,BELO_HORIZONTE
BRA,MG,ORATORIOS,BELO_HORIZONTE
BRA,MG,ORIZANIA,BELO_HORIZONTE
BRA,MG,OURO_BRANCO,BELO_HORIZONTE
BRA,MG,OURO_PRETO,BELO_HORIZONTE
BRA,MG,PARAOPEBA,BELO_HORIZONTE
BRA,MG,PASSABEM,BELO_HORIZONTE
BRA,MG,PEDRA_BONITA,BELO_HORIZONTE
BRA,MG,PEDRA_DO_ANTA,BELO_HORIZONTE
BRA,MG,PEDRA_DOURADA,BELO_HORIZONTE
BRA,MG,PEDRO_LEOPOLDO,BELO_HORIZONTE
BRA,MG,PEQUI,BELO_HORIZONTE
BRA,MG,PIEDADE_DE_PONTE_NOVA,BELO_HORIZONTE
BRA,MG,PIEDADE_DO_RIO_GRANDE,BELO_HORIZONTE
BRA,MG,PIEDADE_DOS_GERAIS,BELO_HORIZONTE
BRA,MG,PIRACEMA,BELO_HORIZONTE
BRA,MG,PIRANGA,BELO_HORIZONTE
BRA,MG,PONTE_NOVA,BELO_HORIZONTE
BRA,MG,PORTO_FIRME,BELO_HORIZONTE
BRA,MG,PRADOS,BELO_HORIZONTE
BRA,MG,PRESIDENTE_BERNARDES,BELO_HORIZONTE
BRA,MG,PRESIDENTE_KUBITSCHEK,BELO_HORIZONTE
BRA,MG,PRUDENTE_DE_MORAIS,BELO_HORIZONTE
BRA,MG,QUELUZITO,BELO_HORIZONTE
BRA,MG,RAPOSOS,BELO_HORIZONTE
BRA,MG,RAUL_SOARES,BELO_HORIZONTE
BRA,MG,REDUTO,BELO_HORIZONTE
BRA,MG,RESENDE_COSTA,BELO_HORIZONTE
BRA,MG,RIBEIRAO_DAS_NEVES,BELO_HORIZONTE
BRA,MG,RIO_ACIMA,BELO_HORIZONTE
BRA,MG,RIO_CASCA,BELO_HORIZONTE
BRA,MG,RIO_DOCE,BELO_HORIZONTE
BRA,MG,RIO_ESPERA,BELO_HORIZONTE
BRA,MG,RIO_MANSO,BELO_HORIZONTE
BRA,MG,RIO_PIRACICABA,BELO_HORIZONTE
BRA,MG,RITAPOLIS,BELO_HORIZONTE
BRA,MG,ROSARIO_DA_LIMEIRA,BELO_HORIZONTE
BRA,MG,SABARA,BELO_HORIZONTE
BRA,MG,SANTA_BARBARA,BELO_HORIZONTE
BRA,MG,SANTA_CRUZ_DO_ESCALVADO,BELO_HORIZONTE
BRA,MG,SANTA_LUZIA,BELO_HORIZONTE
BRA,MG,SANTA_MARGARIDA,BELO_HORIZONTE
BRA,MG,SANTA_RITA_DE_JACUTINGA,BELO_HORIZONTE
BRA,MG,SANTANA_DE_PIRAPAMA,BELO_HORIZONTE
BRA,MG,SANTANA_DO_MANHUACU,BELO_HORIZONTE
BRA,MG,SANTANA_DO_RIACHO,BELO_HORIZONTE
BRA,MG,SANTANA_DOS_MONTES,BELO_HORIZONTE
BRA,MG,SANTO_ANTONIO_DO_AVENTUREIRO,BELO_HORIZONTE
BRA,MG,SANTO_ANTONIO_DO_GRAMA,BELO_HORIZONTE
BRA,MG,SANTO_ANTONIO_DO_RIO_ABAIXO,BELO_HORIZONTE
BRA,MG,SAO_BRAS_DO_SUACUI,BELO_HORIZONTE
BRA,MG,SAO_DOMINGOS_DO_PRATA,BELO_HORIZONTE
BRA,MG,SAO_GONCALO_DO_ABAETE,BELO_HORIZONTE
BRA,MG,SAO_GONCALO_DO_RIO_ABAIXO,BELO_HORIZONTE
BRA,MG,SAO_JOAO_DO_MANHUACU,BELO_HORIZONTE
BRA,MG,SAO_JOAQUIM_DE_BICAS,BELO_HORIZONTE
BRA,MG,SAO_JOSE_DA_LAPA,BELO_HORIZONTE
BRA,MG,SAO_JOSE_DA_VARGINHA,BELO_HORIZONTE
BRA,MG,SAO_JOSE_DO_GOIABAL,BELO_HORIZONTE
BRA,MG,SAO_JOSE_DO_MANTIMENTO,BELO_HORIZONTE
BRA,MG,SAO_MIGUEL_DO_ANTA,BELO_HORIZONTE
BRA,MG,SAO_PEDRO_DOS_FERROS,BELO_HORIZONTE
BRA,MG,SAO_SEBASTIAO_DO_RIO_PRETO,BELO_HORIZONTE
BRA,MG,SARZEDO,BELO_HORIZONTE
BRA,MG,SEM_PEIXE,BELO_HORIZONTE
BRA,MG,SENHORA_DE_OLIVEIRA,BELO_HORIZONTE
BRA,MG,SERICITA,BELO_HORIZONTE
BRA,MG,SERRA_DA_SAUDADE,BELO_HORIZONTE
BRA,MG,SERRO,BELO_HORIZONTE
BRA,MG,SETE_LAGOAS,BELO_HORIZONTE
BRA,MG,TAQUARACU_DE_MINAS,BELO_HORIZONTE
BRA,MG,TEIXEIRAS,BELO_HORIZONTE
BRA,MG,TIRADENTES,BELO_HORIZONTE
BRA,MG,URUCANIA,BELO_HORIZONTE
BRA,MG,VERMELHO_NOVO,BELO_HORIZONTE
BRA,MG,VESPASIANO,BELO_HORIZONTE
BRA,RS,ALTO_FELIZ,PORTO_ALEGRE
BRA,RS,ALVORADA,PORTO_ALEGRE
BRA,RS,ARAMBARE,PORTO_ALEGRE
BRA,RS,ARARICA,PORTO_ALEGRE
BRA,RS,ARROIO_DO_SAL,PORTO_ALEGRE
BRA,RS,ARROIO_DOS_RATOS,PORTO_ALEGRE
BRA,RS,BALNEARIO_PINHAL,PORTO_ALEGRE
BRA,RS,BARAO,PORTO_ALEGRE
BRA,RS,BARAO_DO_TRIUNFO,PORTO_ALEGRE
BRA,RS,BARRA_DO_RIBEIRO,PORTO_ALEGRE
BRA,RS,BOM_PRINCIPIO,PORTO_ALEGRE
BRA,RS,BROCHIER,PORTO_ALEGRE
BRA,RS,BUTIA,PORTO_ALEGRE
BRA,RS,CACHOEIRINHA,PORTO_ALEGRE
BRA,RS,CAMAQUA,PORTO_ALEGRE
BRA,RS,CAMPO_BOM,PORTO_ALEGRE
BRA,RS,CANOAS,PORTO_ALEGRE
BRA,RS,CAPAO_DA_CANOA,PORTO_ALEGRE
BRA,RS,CAPELA_DE_SANTANA,PORTO_ALEGRE
BRA,RS,CAPIVARI_DO_SUL,PORTO_ALEGRE
BRA,RS,CARAA,PORTO_ALEGRE
BRA,RS,CERRO_GRANDE_DO_SUL,PORTO_ALEGRE
BRA,RS,CHARQUEADAS,PORTO_ALEGRE
BRA,RS,CHUVISCA,PORTO_ALEGRE
BRA,RS,CIDREIRA,PORTO_ALEGRE
BRA,RS,DOIS_IRMAOS,PORTO_ALEGRE
BRA,RS,DOM_PEDRO_DE_ALCANTARA,PORTO_ALEGRE
BRA,RS,ELDORADO_DO_SUL,PORTO_ALEGRE
BRA,RS,ESTANCIA_VELHA,PORTO_ALEGRE
BRA,RS,ESTEIO,PORTO_ALEGRE
BRA,RS,FELIZ,PORTO_ALEGRE
BRA,RS,GENERAL_CAMARA,PORTO_ALEGRE
BRA,RS,GLORINHA,PORTO_ALEGRE
BRA,RS,GRAVATAI,PORTO_ALEGRE
BRA,RS,GUAIBA,PORTO_ALEGRE
BRA,RS,HARMONIA,PORTO_ALEGRE
BRA,RS,IGREJINHA,PORTO_ALEGRE
BRA,RS,IMBE,PORTO_ALEGRE
BRA,RS,ITATI,PORTO_ALEGRE
BRA,RS,IVOTI,PORTO_ALEGRE
BRA,RS,LINDOLFO_COLLOR,PORTO_ALEGRE
BRA,RS,LINHA_NOVA,PORTO_ALEGRE
BRA,RS,MAMPITUBA,PORTO_ALEGRE
BRA,RS,MAQUINE,PORTO_ALEGRE
BRA,RS,MARATA,PORTO_ALEGRE
BRA,RS,MARIANA_PIMENTEL,PORTO_ALEGRE
BRA,RS,MINAS_DO_LEAO,PORTO_ALEGRE
BRA,RS,MONTENEGRO,PORTO_ALEGRE
BRA,RS,MORRINHOS_DO_SUL,PORTO_ALEGRE
BRA,RS,MORRO_REUTER,PORTO_ALEGRE
BRA,RS,MOSTARDAS,PORTO_ALEGRE
BRA,RS,NOVA_HARTZ,PORTO_ALEGRE
BRA,RS,NOVA_SANTA_RITA,PORTO_ALEGRE
BRA,RS,NOVO_HAMBURGO,PORTO_ALEGRE
BRA,RS,OSORIO,PORTO_ALEGRE
BRA,RS,PALMARES_DO_SUL,PORTO_ALEGRE
BRA,RS,PARECI_NOVO,PORTO_ALEGRE
BRA,RS,PAROBE,PORTO_ALEGRE
BRA,RS,PICADA_CAFE,PORTO_ALEGRE
BRA,RS,PORTAO,PORTO_ALEGRE
BRA,RS,PORTO_ALEGRE,PORTO_ALEGRE
BRA,RS,PRESIDENTE_LUCENA,PORTO_ALEGRE
BRA,RS,RIOZINHO,PORTO_ALEGRE
BRA,RS,ROLANTE,PORTO_ALEGRE
BRA,RS,SALVADOR_DO_SUL,PORTO_ALEGRE
BRA,RS,SANTA_MARIA_DO_HERVAL,PORTO_ALEGRE
BRA,RS,SANTO_ANTONIO_DA_PATRULHA,PORTO_ALEGRE
BRA,RS,SAO_JERONIMO,PORTO_ALEGRE
BRA,RS,SAO_JOSE_DO_HORTENCIO,PORTO_ALEGRE
BRA,RS,SAO_JOSE_DO_SUL,PORTO_ALEGRE
BRA,RS,SAO_LEOPOLDO,PORTO_ALEGRE
BRA,RS,SAO_PEDRO_DA_SERRA,PORTO_ALEGRE
BRA,RS,SAO_SEBASTIAO_DO_CAI,PORTO_ALEGRE
BRA,RS,SAO_VENDELINO,PORTO_ALEGRE
BRA,RS,SAPIRANGA,PORTO_ALEGRE
BRA,RS,SAPUCAIA_DO_SUL,PORTO_ALEGRE
BRA,RS,SENTINELA_DO_SUL,PORTO_ALEGRE
BRA,RS,SERTAO_SANTANA,PORTO_ALEGRE
BRA,RS,TAPES,PORTO_ALEGRE
BRA,RS,TAQUARA,PORTO_ALEGRE
BRA,RS,TAVARES,PORTO_ALEGRE
BRA,RS,TERRA_DE_AREIA,PORTO_ALEGRE
BRA,RS,TORRES,PORTO_ALEGRE
BRA,RS,TRAMANDAI,PORTO_ALEGRE
BRA,RS,TRES_CACHOEIRAS,PORTO_ALEGRE
BRA,RS,TRES_COROAS,PORTO_ALEGRE
BRA,RS,TRES_FORQUILHAS,PORTO_ALEGRE
BRA,RS,TRIUNFO,PORTO_ALEGRE
BRA,RS,TUPANDI,PORTO_ALEGRE
BRA,RS,VALE_REAL,PORTO_ALEGRE
BRA,RS,VIAMAO,PORTO_ALEGRE
BRA,RS,XANGRI_LA,PORTO_ALEGRE
BRA,AC,PLACIDO_DE_CASTRO,RIO_BRANCO
BRA,AC,XAPURI,RIO_BRANCO
BRA,AC,FEIJO,RIO_BRANCO
BRA,AC,MANCIO_LIMA,RIO_BRANCO
BRA,AC,MANOEL_URBANO,RIO_BRANCO
BRA,AC,MARECHAL_THAUMATURGO,RIO_BRANCO
BRA,AC,PORTO_ACRE,RIO_BRANCO
BRA,AC,RODRIGUES_ALVES,RIO_BRANCO
BRA,AC,SENA_MADUREIRA,RIO_BRANCO
BRA,AC,SENADOR_GUIOMARD,RIO_BRANCO
BRA,AC,TARAUACA,RIO_BRANCO
BRA,AC,ACRELANDIA,RIO_BRANCO
BRA,AC,EPITACIOLANDIA,RIO_BRANCO
BRA,AC,PORTO_WALTER,RIO_BRANCO
BRA,AC,RIO_BRANCO,RIO_BRANCO
BRA,AC,ASSIS_BRASIL,RIO_BRANCO
BRA,AC,BRASILEIA,RIO_BRANCO
BRA,AC,CAPIXABA,RIO_BRANCO
BRA,AL,AGUA_BRANCA,MACEIO
BRA,AL,ANADIA,MACEIO
BRA,AL,BARRA_DE_SANTO_ANTONIO,MACEIO
BRA,AL,BELEM,MACEIO
BRA,AL,CACIMBINHAS,MACEIO
BRA,AL,CAMPO_GRANDE,MACEIO
BRA,AL,CHA_PRETA,MACEIO
BRA,AL,COQUEIRO_SECO,MACEIO
BRA,AL,DELMIRO_GOUVEIA,MACEIO
BRA,AL,FEIRA_GRANDE,MACEIO
BRA,AL,GIRAU_DO_PONCIANO,MACEIO
BRA,AL,IGREJA_NOVA,MACEIO
BRA,AL,JAPARATINGA,MACEIO
BRA,AL,JUNDIA,MACEIO
BRA,AL,LIMOEIRO_DE_ANADIA,MACEIO
BRA,AL,MAR_VERMELHO,MACEIO
BRA,AL,MARECHAL_DEODORO,MACEIO
BRA,AL,MATRIZ_DE_CAMARAGIBE,MACEIO
BRA,AL,MONTEIROPOLIS,MACEIO
BRA,AL,OLHO_DAGUA_DAS_FLORES,MACEIO
BRA,AL,OLIVENCA,MACEIO
BRA,AL,PAO_DE_ACUCAR,MACEIO
BRA,AL,PAULO_JACINTO,MACEIO
BRA,AL,PILAR,MACEIO
BRA,AL,POCO_DAS_TRINCHEIRAS,MACEIO
BRA,AL,PORTO_REAL_DO_COLEGIO,MACEIO
BRA,AL,RIO_LARGO,MACEIO
BRA,AL,SANTA_LUZIA_DO_NORTE,MACEIO
BRA,AL,SANTANA_DO_MUNDAU,MACEIO
BRA,AL,SAO_JOSE_DA_LAJE,MACEIO
BRA,AL,SAO_LUIS_DO_QUITUNDE,MACEIO
BRA,AL,SAO_MIGUEL_DOS_MILAGRES,MACEIO
BRA,AL,SATUBA,MACEIO
BRA,AL,TANQUE_DARCA,MACEIO
BRA,AL,TEOTONIO_VILELA,MACEIO
BRA,AL,UNIAO_DOS_PALMARES,MACEIO
BRA,AL,JEQUIA_DA_PRAIA,MACEIO
BRA,AL,ARAPIRACA,MACEIO
BRA,AL,ATALAIA,MACEIO
BRA,AL,BARRA_DE_SAO_MIGUEL,MACEIO
BRA,AL,BATALHA,MACEIO
BRA,AL,BELO_MONTE,MACEIO
BRA,AL,BOCA_DA_MATA,MACEIO
BRA,AL,BRANQUINHA,MACEIO
BRA,AL,CAJUEIRO,MACEIO
BRA,AL,CAMPESTRE,MACEIO
BRA,AL,CAMPO_ALEGRE,MACEIO
BRA,AL,CANAPI,MACEIO
BRA,AL,CAPELA,MACEIO
BRA,AL,CARNEIROS,MACEIO
BRA,AL,COITE_DO_NOIA,MACEIO
BRA,AL,COLONIA_LEOPOLDINA,MACEIO
BRA,AL,CORURIPE,MACEIO
BRA,AL,CRAIBAS,MACEIO
BRA,AL,DOIS_RIACHOS,MACEIO
BRA,AL,ESTRELA_DE_ALAGOAS,MACEIO
BRA,AL,FELIZ_DESERTO,MACEIO
BRA,AL,FLEXEIRAS,MACEIO
BRA,AL,IBATEGUARA,MACEIO
BRA,AL,IGACI,MACEIO
BRA,AL,INHAPI,MACEIO
BRA,AL,JACARE_DOS_HOMENS,MACEIO
BRA,AL,JACUIPE,MACEIO
BRA,AL,JARAMATAIA,MACEIO
BRA,AL,JOAQUIM_GOMES,MACEIO
BRA,AL,JUNQUEIRO,MACEIO
BRA,AL,LAGOA_DA_CANOA,MACEIO
BRA,AL,MACEIO,MACEIO
BRA,AL,MAJOR_ISIDORO,MACEIO
BRA,AL,MARAGOGI,MACEIO
BRA,AL,MARAVILHA,MACEIO
BRA,AL,MARIBONDO,MACEIO
BRA,AL,MATA_GRANDE,MACEIO
BRA,AL,MESSIAS,MACEIO
BRA,AL,MINADOR_DO_NEGRAO,MACEIO
BRA,AL,MURICI,MACEIO
BRA,AL,NOVO_LINO,MACEIO
BRA,AL,OLHO_DAGUA_DO_CASADO,MACEIO
BRA,AL,OLHO_DAGUA_GRANDE,MACEIO
BRA,AL,OURO_BRANCO,MACEIO
BRA,AL,PALESTINA,MACEIO
BRA,AL,PALMEIRA_DOS_INDIOS,MACEIO
BRA,AL,PARICONHA,MACEIO
BRA,AL,PARIPUEIRA,MACEIO
BRA,AL,PASSO_DE_CAMARAGIBE,MACEIO
BRA,AL,PENEDO,MACEIO
BRA,AL,PIACABUCU,MACEIO
BRA,AL,PINDOBA,MACEIO
BRA,AL,PIRANHAS,MACEIO
BRA,AL,PORTO_CALVO,MACEIO
BRA,AL,PORTO_DE_PEDRAS,MACEIO
BRA,AL,QUEBRANGULO,MACEIO
BRA,AL,ROTEIRO,MACEIO
BRA,AL,SANTANA_DO_IPANEMA,MACEIO
BRA,AL,SAO_BRAS,MACEIO
BRA,AL,SAO_JOSE_DA_TAPERA,MACEIO
BRA,AL,SAO_MIGUEL_DOS_CAMPOS,MACEIO
BRA,AL,SAO_SEBASTIAO,MACEIO
BRA,AL,SENADOR_RUI_PALMEIRA,MACEIO
BRA,AL,TAQUARANA,MACEIO
BRA,AL,TRAIPU,MACEIO
BRA,AL,VICOSA,MACEIO
BRA,BA,CIPO,SALVADOR
BRA,BA,DOM_MACEDO_COSTA,SALVADOR
BRA,BA,ENTRE_RIOS,SALVADOR
BRA,BA,ESPLANADA,SALVADOR
BRA,BA,GANDU,SALVADOR
BRA,BA,GENTIO_DO_OURO,SALVADOR
BRA,BA,HELIOPOLIS,SALVADOR
BRA,BA,IBIPEBA,SALVADOR
BRA,BA,IBITITA,SALVADOR
BRA,BA,IGRAPIUNA,SALVADOR
BRA,BA,ITAETE,SALVADOR
BRA,BA,ITAMARI,SALVADOR
BRA,BA,ITANAGRA,SALVADOR
BRA,BA,JANDAIRA,SALVADOR
BRA,BA,JEREMOABO,SALVADOR
BRA,BA,LAJEDINHO,SALVADOR
BRA,BA,LAURO_DE_FREITAS,SALVADOR
BRA,BA,MACAJUBA,SALVADOR
BRA,BA,MAIRI,SALVADOR
BRA,BA,MARCIONILIO_SOUZA,SALVADOR
BRA,BA,MATA_DE_SAO_JOAO,SALVADOR
BRA,BA,MONTE_SANTO,SALVADOR
BRA,BA,MUCUGE,SALVADOR
BRA,BA,MULUNGU_DO_MORRO,SALVADOR
BRA,BA,MUNIZ_FERREIRA,SALVADOR
BRA,BA,NILO_PECANHA,SALVADOR
BRA,BA,NOVA_SOURE,SALVADOR
BRA,BA,NOVO_HORIZONTE,SALVADOR
BRA,BA,OLINDINA,SALVADOR
BRA,BA,PIATA,SALVADOR
BRA,BA,PINTADAS,SALVADOR
BRA,BA,POJUCA,SALVADOR
BRA,BA,QUIXABEIRA,SALVADOR
BRA,BA,RIBEIRA_DO_POMBAL,SALVADOR
BRA,BA,SAUBARA,SALVADOR
BRA,BA,SEABRA,SALVADOR
BRA,BA,SERROLANDIA,SALVADOR
BRA,BA,TAPEROA,SALVADOR
BRA,BA,TERRA_NOVA,SALVADOR
BRA,BA,TUCANO,SALVADOR
BRA,BA,UTINGA,SALVADOR
BRA,BA,VARZEA_DO_POCO,SALVADOR
BRA,BA,VARZEDO,SALVADOR
BRA,BA,WAGNER,SALVADOR
BRA,BA,ADUSTINA,SALVADOR
BRA,BA,AMERICA_DOURADA,SALVADOR
BRA,BA,ANDARAI,SALVADOR
BRA,BA,ANTAS,SALVADOR
BRA,BA,APUAREMA,SALVADOR
BRA,BA,BAIXA_GRANDE,SALVADOR
BRA,BA,BARRO_ALTO,SALVADOR
BRA,BA,BONITO,SALVADOR
BRA,BA,BROTAS_DE_MACAUBAS,SALVADOR
BRA,BA,CABACEIRAS_DO_PARAGUACU,SALVADOR
BRA,BA,CAFARNAUM,SALVADOR
BRA,BA,CAMACARI,SALVADOR
BRA,BA,CANARANA,SALVADOR
BRA,BA,CAPELA_DO_ALTO_ALEGRE,SALVADOR
BRA,BA,IRAQUARA,SALVADOR
BRA,BA,ITAPARICA,SALVADOR
BRA,BA,ITAPICURU,SALVADOR
BRA,BA,ITUBERA,SALVADOR
BRA,BA,JAGUARIPE,SALVADOR
BRA,BA,LENCOIS,SALVADOR
BRA,BA,MADRE_DE_DEUS,SALVADOR
BRA,BA,MARAGOGIPE,SALVADOR
BRA,BA,MORRO_DO_CHAPEU,SALVADOR
BRA,BA,MUNDO_NOVO,SALVADOR
BRA,BA,MURITIBA,SALVADOR
BRA,BA,NAZARE,SALVADOR
BRA,BA,NOVA_FATIMA,SALVADOR
BRA,BA,NOVA_IBIA,SALVADOR
BRA,BA,NOVA_REDENCAO,SALVADOR
BRA,BA,NOVO_TRIUNFO,SALVADOR
BRA,BA,OLIVEIRA_DOS_BREJINHOS,SALVADOR
BRA,BA,PALMEIRAS,SALVADOR
BRA,BA,PARIPIRANGA,SALVADOR
BRA,BA,PE_DE_SERRA,SALVADOR
BRA,BA,PEDRO_ALEXANDRE,SALVADOR
BRA,BA,PIRAI_DO_NORTE,SALVADOR
BRA,BA,PIRITIBA,SALVADOR
BRA,BA,PRESIDENTE_TANCREDO_NEVES,SALVADOR
BRA,BA,QUIJINGUE,SALVADOR
BRA,BA,RIBEIRA_DO_AMPARO,SALVADOR
BRA,BA,RIO_REAL,SALVADOR
BRA,BA,RUY_BARBOSA,SALVADOR
BRA,BA,SALINAS_DA_MARGARIDA,SALVADOR
BRA,BA,SALVADOR,SALVADOR
BRA,BA,SANTA_BRIGIDA,SALVADOR
BRA,BA,SANTALUZ,SALVADOR
BRA,BA,SANTO_AMARO,SALVADOR
BRA,BA,SAO_DOMINGOS,SALVADOR
BRA,BA,SAO_FELIPE,SALVADOR
BRA,BA,SAO_FELIX,SALVADOR
BRA,BA,SAO_FRANCISCO_DO_CONDE,SALVADOR
BRA,BA,SAO_JOSE_DO_JACUIPE,SALVADOR
BRA,BA,SAO_SEBASTIAO_DO_PASSE,SALVADOR
BRA,BA,ABAIRA,SALVADOR
BRA,BA,ACAJUTIBA,SALVADOR
BRA,BA,APORA,SALVADOR
BRA,BA,ARATUIPE,SALVADOR
BRA,BA,BANZAE,SALVADOR
BRA,BA,BARRA_DO_MENDES,SALVADOR
BRA,BA,BOA_VISTA_DO_TUPIM,SALVADOR
BRA,BA,BONINAL,SALVADOR
BRA,BA,CACHOEIRA,SALVADOR
BRA,BA,CAIRU,SALVADOR
BRA,BA,CAMAMU,SALVADOR
BRA,BA,CANDEIAS,SALVADOR
BRA,BA,CANUDOS,SALVADOR
BRA,BA,CAPIM_GROSSO,SALVADOR
BRA,BA,IPUPIARA,SALVADOR
BRA,BA,SIMOES_FILHO,SALVADOR
BRA,BA,SOUTO_SOARES,SALVADOR
BRA,BA,TAPIRAMUTA,SALVADOR
BRA,BA,TEODORO_SAMPAIO,SALVADOR
BRA,BA,TEOLANDIA,SALVADOR
BRA,BA,UIBAI,SALVADOR
BRA,BA,VALENCA,SALVADOR
BRA,BA,VARZEA_DA_ROCA,SALVADOR
BRA,BA,VARZEA_NOVA,SALVADOR
BRA,BA,VERA_CRUZ,SALVADOR
BRA,BA,WENCESLAU_GUIMARAES,SALVADOR
BRA,BA,SAPEACU,SALVADOR
BRA,BA,CARDEAL_DA_SILVA,SALVADOR
BRA,BA,CICERO_DANTAS,SALVADOR
BRA,BA,CONCEICAO_DO_ALMEIDA,SALVADOR
BRA,BA,CONDE,SALVADOR
BRA,BA,CORONEL_JOAO_SA,SALVADOR
BRA,BA,CRISOPOLIS,SALVADOR
BRA,BA,DIAS_DAVILA,SALVADOR
BRA,BA,ELISIO_MEDRADO,SALVADOR
BRA,BA,EUCLIDES_DA_CUNHA,SALVADOR
BRA,BA,FATIMA,SALVADOR
BRA,BA,GAVIAO,SALVADOR
BRA,BA,GOVERNADOR_MANGABEIRA,SALVADOR
BRA,BA,IBIQUERA,SALVADOR
BRA,BA,IBITIARA,SALVADOR
BRA,CE,JAGUARUANA,FORTALEZA
BRA,CE,MADALENA,FORTALEZA
BRA,CE,MARANGUAPE,FORTALEZA
BRA,CE,MARTINOPOLE,FORTALEZA
BRA,CE,MIRAIMA,FORTALEZA
BRA,CE,MORADA_NOVA,FORTALEZA
BRA,CE,MORRINHOS,FORTALEZA
BRA,CE,MULUNGU,FORTALEZA
BRA,CE,NOVA_RUSSAS,FORTALEZA
BRA,CE,OCARA,FORTALEZA
BRA,CE,PACAJUS,FORTALEZA
BRA,CE,PACOTI,FORTALEZA
BRA,CE,PALHANO,FORTALEZA
BRA,CE,PARACURU,FORTALEZA
BRA,CE,PENTECOSTE,FORTALEZA
BRA,CE,PINDORETAMA,FORTALEZA
BRA,CE,PIRES_FERREIRA,FORTALEZA
BRA,CE,QUIXADA,FORTALEZA
BRA,CE,QUIXERAMOBIM,FORTALEZA
BRA,CE,REDENCAO,FORTALEZA
BRA,CE,RUSSAS,FORTALEZA
BRA,CE,SANTANA_DO_ACARAU,FORTALEZA
BRA,CE,SAO_BENEDITO,FORTALEZA
BRA,CE,SAO_JOAO_DO_JAGUARIBE,FORTALEZA
BRA,CE,SOBRAL,FORTALEZA
BRA,CE,TABULEIRO_DO_NORTE,FORTALEZA
BRA,CE,TEJUCUOCA,FORTALEZA
BRA,CE,TRAIRI,FORTALEZA
BRA,CE,UBAJARA,FORTALEZA
BRA,CE,UMIRIM,FORTALEZA
BRA,CE,URUOCA,FORTALEZA
BRA,CE,ACARAPE,FORTALEZA
BRA,CE,ALCANTARAS,FORTALEZA
BRA,CE,ALTO_SANTO,FORTALEZA
BRA,CE,AQUIRAZ,FORTALEZA
BRA,CE,ARACOIABA,FORTALEZA
BRA,CE,BANABUIU,FORTALEZA
BRA,CE,BARREIRA,FORTALEZA
BRA,CE,BARROQUINHA,FORTALEZA
BRA,CE,BEBERIBE,FORTALEZA
BRA,CE,BOA_VIAGEM,FORTALEZA
BRA,CE,CAMOCIM,FORTALEZA
BRA,CE,CANINDE,FORTALEZA
BRA,CE,CARIDADE,FORTALEZA
BRA,CE,CARNAUBAL,FORTALEZA
BRA,CE,CAUCAIA,FORTALEZA
BRA,CE,CHAVAL,FORTALEZA
BRA,CE,CHOROZINHO,FORTALEZA
BRA,CE,CROATA,FORTALEZA
BRA,CE,EUSEBIO,FORTALEZA
BRA,CE,FORQUILHA,FORTALEZA
BRA,CE,FORTIM,FORTALEZA
BRA,CE,GENERAL_SAMPAIO,FORTALEZA
BRA,CE,GRANJA,FORTALEZA
BRA,CE,GROAIRAS,FORTALEZA
BRA,CE,GUARACIABA_DO_NORTE,FORTALEZA
BRA,CE,HIDROLANDIA,FORTALEZA
BRA,CE,IBARETAMA,FORTALEZA
BRA,CE,IBICUITINGA,FORTALEZA
BRA,CE,IPUEIRAS,FORTALEZA
BRA,CE,IRAUCUBA,FORTALEZA
BRA,CE,ITAICABA,FORTALEZA
BRA,CE,ITAPAJE,FORTALEZA
BRA,CE,ITAPIUNA,FORTALEZA
BRA,CE,ITATIRA,FORTALEZA
BRA,CE,ACARAU,FORTALEZA
BRA,CE,AMONTADA,FORTALEZA
BRA,CE,APUIARES,FORTALEZA
BRA,CE,ARACATI,FORTALEZA
BRA,CE,ARATUBA,FORTALEZA
BRA,CE,BATURITE,FORTALEZA
BRA,CE,BELA_CRUZ,FORTALEZA
BRA,CE,CAPISTRANO,FORTALEZA
BRA,CE,CARIRE,FORTALEZA
BRA,CE,CASCAVEL,FORTALEZA
BRA,CE,CATUNDA,FORTALEZA
BRA,CE,CHORO,FORTALEZA
BRA,CE,COREAU,FORTALEZA
BRA,CE,CRUZ,FORTALEZA
BRA,CE,FORTALEZA,FORTALEZA
BRA,CE,FRECHEIRINHA,FORTALEZA
BRA,CE,GRACA,FORTALEZA
BRA,CE,GUAIUBA,FORTALEZA
BRA,CE,GUARAMIRANGA,FORTALEZA
BRA,CE,HORIZONTE,FORTALEZA
BRA,CE,IBIAPINA,FORTALEZA
BRA,CE,ICAPUI,FORTALEZA
BRA,CE,IPU,FORTALEZA
BRA,CE,ITAITINGA,FORTALEZA
BRA,CE,ITAPIPOCA,FORTALEZA
BRA,CE,ITAREMA,FORTALEZA
BRA,CE,JAGUARETAMA,FORTALEZA
BRA,CE,JIJOCA_DE_JERICOACOARA,FORTALEZA
BRA,CE,LIMOEIRO_DO_NORTE,FORTALEZA
BRA,CE,MARACANAU,FORTALEZA
BRA,CE,MARCO,FORTALEZA
BRA,CE,MASSAPE,FORTALEZA
BRA,CE,MERUOCA,FORTALEZA
BRA,CE,MONSENHOR_TABOSA,FORTALEZA
BRA,CE,MORAUJO,FORTALEZA
BRA,CE,MUCAMBO,FORTALEZA
BRA,CE,PACATUBA,FORTALEZA
BRA,CE,PACUJA,FORTALEZA
BRA,CE,PALMACIA,FORTALEZA
BRA,CE,PARAIPABA,FORTALEZA
BRA,CE,PARAMOTI,FORTALEZA
BRA,CE,QUIXERE,FORTALEZA
BRA,CE,RERIUTABA,FORTALEZA
BRA,CE,SANTA_QUITERIA,FORTALEZA
BRA,CE,SAO_GONCALO_DO_AMARANTE,FORTALEZA
BRA,CE,SAO_LUIS_DO_CURU,FORTALEZA
BRA,CE,SENADOR_SA,FORTALEZA
BRA,CE,TAMBORIL,FORTALEZA
BRA,CE,TIANGUA,FORTALEZA
BRA,CE,TURURU,FORTALEZA
BRA,CE,URUBURETAMA,FORTALEZA
BRA,CE,VARJOTA,FORTALEZA
BRA,CE,VICOSA_DO_CEARA,FORTALEZA
BRA,MA,CARUTAPERA,SAO_LUIS
BRA,MA,MATINHA,SAO_LUIS
BRA,MA,VIANA,SAO_LUIS
BRA,MA,AGUA_DOCE_DO_MARANHAO,SAO_LUIS
BRA,MA,AMAPA_DO_MARANHAO,SAO_LUIS
BRA,MA,ANAJATUBA,SAO_LUIS
BRA,MA,APICUM_ACU,SAO_LUIS
BRA,MA,ALCANTARA,SAO_LUIS
BRA,MA,ANAPURUS,SAO_LUIS
BRA,MA,ARAIOSES,SAO_LUIS
BRA,MA,BACURITUBA,SAO_LUIS
BRA,MA,CAJAPIO,SAO_LUIS
BRA,MA,CENTRAL_DO_MARANHAO,SAO_LUIS
BRA,MA,GOVERNADOR_NEWTON_BELLO,SAO_LUIS
BRA,MA,HUMBERTO_DE_CAMPOS,SAO_LUIS
BRA,MA,ITAPECURU_MIRIM,SAO_LUIS
BRA,MA,MATA_ROMA,SAO_LUIS
BRA,MA,MIRINZAL,SAO_LUIS
BRA,MA,NINA_RODRIGUES,SAO_LUIS
BRA,MA,PALMEIRANDIA,SAO_LUIS
BRA,MA,PENALVA,SAO_LUIS
BRA,MA,PRESIDENTE_SARNEY,SAO_LUIS
BRA,MA,PRIMEIRA_CRUZ,SAO_LUIS
BRA,MA,ROSARIO,SAO_LUIS
BRA,MA,SANTA_HELENA,SAO_LUIS
BRA,MA,SANTANA_DO_MARANHAO,SAO_LUIS
BRA,MA,SAO_BENEDITO_DO_RIO_PRETO,SAO_LUIS
BRA,MA,SAO_BERNARDO,SAO_LUIS
BRA,MA,CACHOEIRA_GRANDE,SAO_LUIS
BRA,MA,CAJARI,SAO_LUIS
BRA,MA,CANDIDO_MENDES,SAO_LUIS
BRA,MA,CEDRAL,SAO_LUIS
BRA,MA,CENTRO_DO_GUILHERME,SAO_LUIS
BRA,MA,CENTRO_NOVO_DO_MARANHAO,SAO_LUIS
BRA,MA,CURURUPU,SAO_LUIS
BRA,MA,GODOFREDO_VIANA,SAO_LUIS
BRA,MA,GOVERNADOR_NUNES_FREIRE,SAO_LUIS
BRA,MA,GUIMARAES,SAO_LUIS
BRA,MA,ICATU,SAO_LUIS
BRA,MA,JUNCO_DO_MARANHAO,SAO_LUIS
BRA,MA,LUIS_DOMINGUES,SAO_LUIS
BRA,MA,MAGALHAES_DE_ALMEIDA,SAO_LUIS
BRA,MA,MARACACUME,SAO_LUIS
BRA,MA,MARANHAOZINHO,SAO_LUIS
BRA,MA,MILAGRES_DO_MARANHAO,SAO_LUIS
BRA,MA,MORROS,SAO_LUIS
BRA,MA,NOVA_OLINDA_DO_MARANHAO,SAO_LUIS
BRA,MA,OLINDA_NOVA_DO_MARANHAO,SAO_LUIS
BRA,MA,PACO_DO_LUMIAR,SAO_LUIS
BRA,MA,PAULINO_NEVES,SAO_LUIS
BRA,MA,PEDRO_DO_ROSARIO,SAO_LUIS
BRA,MA,PERI_MIRIM,SAO_LUIS
BRA,MA,PORTO_RICO_DO_MARANHAO,SAO_LUIS
BRA,MA,PRESIDENTE_JUSCELINO,SAO_LUIS
BRA,MA,PRESIDENTE_MEDICI,SAO_LUIS
BRA,MA,PRESIDENTE_VARGAS,SAO_LUIS
BRA,MA,RAPOSA,SAO_LUIS
BRA,MA,SANTA_LUZIA_DO_PARUA,SAO_LUIS
BRA,MA,SANTA_QUITERIA_DO_MARANHAO,SAO_LUIS
BRA,MA,SANTA_RITA,SAO_LUIS
BRA,MA,SANTO_AMARO_DO_MARANHAO,SAO_LUIS
BRA,MA,SAO_BENTO,SAO_LUIS
BRA,MA,SAO_JOAO_BATISTA,SAO_LUIS
BRA,MA,SAO_JOAO_DO_CARU,SAO_LUIS
BRA,MA,SAO_JOSE_DE_RIBAMAR,SAO_LUIS
BRA,MA,SAO_LUIS,SAO_LUIS
BRA,MA,SAO_VICENTE_FERRER,SAO_LUIS
BRA,MA,SERRANO_DO_MARANHAO,SAO_LUIS
BRA,MA,TURIACU,SAO_LUIS
BRA,MA,TURILANDIA,SAO_LUIS
BRA,MA,TUTOIA,SAO_LUIS
BRA,MA,URBANO_SANTOS,SAO_LUIS
BRA,MA,ZE_DOCA,SAO_LUIS
BRA,MA,ARAGUANA,SAO_LUIS
BRA,MA,AXIXA,SAO_LUIS
BRA,MA,BACABEIRA,SAO_LUIS
BRA,MA,BACURI,SAO_LUIS
BRA,MA,BARREIRINHAS,SAO_LUIS
BRA,MA,BELAGUA,SAO_LUIS
BRA,MA,BEQUIMAO,SAO_LUIS
BRA,MA,BOA_VISTA_DO_GURUPI,SAO_LUIS
BRA,MS,FIGUEIRAO,CAMPO_GRANDE
BRA,MS,JARDIM,CAMPO_GRANDE
BRA,MS,RIBAS_DO_RIO_PARDO,CAMPO_GRANDE
BRA,MS,RIO_NEGRO,CAMPO_GRANDE
BRA,MS,ROCHEDO,CAMPO_GRANDE
BRA,MS,SONORA,CAMPO_GRANDE
BRA,MS,JARAGUARI,CAMPO_GRANDE
BRA,MS,MIRANDA,CAMPO_GRANDE
BRA,MS,NIOAQUE,CAMPO_GRANDE
BRA,MS,NOVA_ALVORADA_DO_SUL,CAMPO_GRANDE
BRA,MS,PEDRO_GOMES,CAMPO_GRANDE
BRA,MS,PORTO_MURTINHO,CAMPO_GRANDE
BRA,MS,RIO_VERDE_DE_MATO_GROSSO,CAMPO_GRANDE
BRA,MS,SAO_GABRIEL_DO_OESTE,CAMPO_GRANDE
BRA,MS,SIDROLANDIA,CAMPO_GRANDE
BRA,MS,TERENOS,CAMPO_GRANDE
BRA,MS,AGUA_CLARA,CAMPO_GRANDE
BRA,MS,ANASTACIO,CAMPO_GRANDE
BRA,MS,AQUIDAUANA,CAMPO_GRANDE
BRA,MS,BANDEIRANTES,CAMPO_GRANDE
BRA,MS,BODOQUENA,CAMPO_GRANDE
BRA,MS,CAMAPUA,CAMPO_GRANDE
BRA,MS,CAMPO_GRANDE,CAMPO_GRANDE
BRA,MS,CHAPADAO_DO_SUL,CAMPO_GRANDE
BRA,MS,CORGUINHO,CAMPO_GRANDE
BRA,MS,COSTA_RICA,CAMPO_GRANDE
BRA,MS,COXIM,CAMPO_GRANDE
BRA,MS,GUIA_LOPES_DA_LAGUNA,CAMPO_GRANDE
BRA,MS,ALCINOPOLIS,CAMPO_GRANDE
BRA,MS,BONITO,CAMPO_GRANDE
BRA,MS,DOIS_IRMAOS_DO_BURITI,CAMPO_GRANDE
BRA,MS,PARAISO_DAS_AGUAS,CAMPO_GRANDE
BRA,MT,ARENAPOLIS,CUIABA
BRA,MT,ARIPUANA,CUIABA
BRA,MT,BARRA_DO_BUGRES,CUIABA
BRA,MT,BARRA_DO_GARCAS,CUIABA
BRA,MT,CACERES,CUIABA
BRA,MT,CAMPOS_DE_JULIO,CUIABA
BRA,MT,CHAPADA_DOS_GUIMARAES,CUIABA
BRA,MT,CONFRESA,CUIABA
BRA,MT,DENISE,CUIABA
BRA,MT,DIAMANTINO,CUIABA
BRA,MT,FIGUEIROPOLIS_DOESTE,CUIABA
BRA,MT,JUINA,CUIABA
BRA,MT,LAMBARI_DOESTE,CUIABA
BRA,MT,LUCIARA,CUIABA
BRA,MT,MIRASSOL_DOESTE,CUIABA
BRA,MT,NORTELANDIA,CUIABA
BRA,MT,NOSSA_SENHORA_DO_LIVRAMENTO,CUIABA
BRA,MT,NOVA_MARILANDIA,CUIABA
BRA,MT,NOVA_OLIMPIA,CUIABA
BRA,MT,PONTAL_DO_ARAGUAIA,CUIABA
BRA,MT,PORTO_ESTRELA,CUIABA
BRA,MT,RIBEIRAO_CASCALHEIRA,CUIABA
BRA,MT,ACORIZAL,CUIABA
BRA,MT,ALTO_BOA_VISTA,CUIABA
BRA,MT,ALTO_PARAGUAI,CUIABA
BRA,MT,ARAPUTANGA,CUIABA
BRA,MT,BARAO_DE_MELGACO,CUIABA
BRA,MT,BRASNORTE,CUIABA
BRA,MT,CAMPO_NOVO_DO_PARECIS,CUIABA
BRA,MT,CANABRAVA_DO_NORTE,CUIABA
BRA,MT,COCALINHO,CUIABA
BRA,MT,COMODORO,CUIABA
BRA,MT,CUIABA,CUIABA
BRA,MT,GAUCHA_DO_NORTE,CUIABA
BRA,MT,GLORIA_DOESTE,CUIABA
BRA,MT,INDIAVAI,CUIABA
BRA,MT,JANGADA,CUIABA
BRA,MT,JAURU,CUIABA
BRA,MT,NOBRES,CUIABA
BRA,MT,NOVA_LACERDA,CUIABA
BRA,MT,POCONE,CUIABA
BRA,MT,PONTES_E_LACERDA,CUIABA
BRA,MT,PORTO_ALEGRE_DO_NORTE,CUIABA
BRA,MT,PORTO_ESPERIDIAO,CUIABA
BRA,MT,QUERENCIA,CUIABA
BRA,MT,RESERVA_DO_CABACAL,CUIABA
BRA,MT,RIO_BRANCO,CUIABA
BRA,MT,ROSARIO_OESTE,CUIABA
BRA,MT,SAO_JOSE_DO_RIO_CLARO,CUIABA
BRA,MT,SAO_JOSE_DOS_QUATRO_MARCOS,CUIABA
BRA,MT,SAPEZAL,CUIABA
BRA,MT,VILA_BELA_DA_SANTISSIMA_TRINDADE,CUIABA
BRA,MT,SALTO_DO_CEU,CUIABA
BRA,MT,SANTA_TEREZINHA,CUIABA
BRA,MT,SANTO_ANTONIO_DO_LEVERGER,CUIABA
BRA,MT,SAO_FELIX_DO_ARAGUAIA,CUIABA
BRA,MT,SAO_JOSE_DO_XINGU,CUIABA
BRA,MT,VARZEA_GRANDE,CUIABA
BRA,MT,VILA_RICA,CUIABA
BRA,MT,BOM_JESUS_DO_ARAGUAIA,CUIABA
BRA,MT,CONQUISTA_DOESTE,CUIABA
BRA,MT,CURVELANDIA,CUIABA
BRA,MT,NOVO_SANTO_ANTONIO,CUIABA
BRA,MT,SANTA_CRUZ_DO_XINGU,CUIABA
BRA,MT,VALE_DE_SAO_DOMINGOS,CUIABA
BRA,PA,ITUPIRANGA,BELEM
BRA,PA,QUATIPURU,BELEM
BRA,PA,SAO_JOAO_DE_PIRABAS,BELEM
BRA,PA,SAO_DOMINGOS_DO_CAPIM,BELEM
BRA,PA,SAO_SEBASTIAO_DA_BOA_VISTA,BELEM
BRA,PA,SENADOR_JOSE_PORFIRIO,BELEM
BRA,PA,TAILANDIA,BELEM
BRA,PA,TRAIRAO,BELEM
BRA,PA,URUARA,BELEM
BRA,PA,VISEU,BELEM
BRA,PA,XINGUARA,BELEM
BRA,PA,SAO_FRANCISCO_DO_PARA,BELEM
BRA,PA,SAO_MIGUEL_DO_GUAMA,BELEM
BRA,PA,SOURE,BELEM
BRA,PA,TOME_ACU,BELEM
BRA,PA,ULIANOPOLIS,BELEM
BRA,PA,VIGIA,BELEM
BRA,PA,VITORIA_DO_XINGU,BELEM
BRA,PA,ABEL_FIGUEIREDO,BELEM
BRA,PA,AFUA,BELEM
BRA,PA,ANAJAS,BELEM
BRA,PA,AUGUSTO_CORREA,BELEM
BRA,PA,BELEM,BELEM
BRA,PA,BOM_JESUS_DO_TOCANTINS,BELEM
BRA,PA,BRASIL_NOVO,BELEM
BRA,PA,BUJARU,BELEM
BRA,PA,CACHOEIRA_DO_PIRIA,BELEM
BRA,PA,CANAA_DOS_CARAJAS,BELEM
BRA,PA,CAPITAO_POCO,BELEM
BRA,PA,CHAVES,BELEM
BRA,PA,CONCEICAO_DO_ARAGUAIA,BELEM
BRA,PA,CURRALINHO,BELEM
BRA,PA,CURUCA,BELEM
BRA,PA,DOM_ELISEU,BELEM
BRA,PA,GARRAFAO_DO_NORTE,BELEM
BRA,PA,GURUPA,BELEM
BRA,PA,IGARAPE_ACU,BELEM
BRA,PA,IGARAPE_MIRI,BELEM
BRA,PA,IRITUIA,BELEM
BRA,PA,MAE_DO_RIO,BELEM
BRA,PA,MARAPANIM,BELEM
BRA,PA,MARITUBA,BELEM
BRA,PA,MELGACO,BELEM
BRA,PA,MOJU,BELEM
BRA,PA,MUANA,BELEM
BRA,PA,NOVA_IPIXUNA,BELEM
BRA,PA,NOVO_REPARTIMENTO,BELEM
BRA,PA,OEIRAS_DO_PARA,BELEM
BRA,PA,OUREM,BELEM
BRA,PA,OURILANDIA_DO_NORTE,BELEM
BRA,PA,PONTA_DE_PEDRAS,BELEM
BRA,PA,PORTO_DE_MOZ,BELEM
BRA,PA,PRIMAVERA,BELEM
BRA,PA,RIO_MARIA,BELEM
BRA,PA,RUROPOLIS,BELEM
BRA,PA,SALINOPOLIS,BELEM
BRA,PA,SALVATERRA,BELEM
BRA,PA,SANTA_CRUZ_DO_ARARI,BELEM
BRA,PA,SANTA_LUZIA_DO_PARA,BELEM
BRA,PA,SANTANA_DO_ARAGUAIA,BELEM
BRA,PA,SAO_CAETANO_DE_ODIVELAS,BELEM
BRA,PA,ABAETETUBA,BELEM
BRA,PA,ACARA,BELEM
BRA,PA,ANANINDEUA,BELEM
BRA,PA,AVEIRO,BELEM
BRA,PA,BAIAO,BELEM
BRA,PA,BARCARENA,BELEM
BRA,PA,BENEVIDES,BELEM
BRA,PA,BREVES,BELEM
BRA,PA,CACHOEIRA_DO_ARARI,BELEM
BRA,PA,CAMETA,BELEM
BRA,PA,COLARES,BELEM
BRA,PA,CONCORDIA_DO_PARA,BELEM
BRA,PA,CURIONOPOLIS,BELEM
BRA,PA,ELDORADO_DOS_CARAJAS,BELEM
BRA,PA,FLORESTA_DO_ARAGUAIA,BELEM
BRA,PA,GOIANESIA_DO_PARA,BELEM
BRA,PA,IPIXUNA_DO_PARA,BELEM
BRA,PA,JACUNDA,BELEM
BRA,PA,LIMOEIRO_DO_AJURU,BELEM
BRA,PA,MEDICILANDIA,BELEM
BRA,PA,MOCAJUBA,BELEM
BRA,PA,PACAJA,BELEM
BRA,PA,PORTEL,BELEM
BRA,PA,RONDON_DO_PARA,BELEM
BRA,PA,SANTA_BARBARA_DO_PARA,BELEM
BRA,PA,SANTA_ISABEL_DO_PARA,BELEM
BRA,PA,SANTO_ANTONIO_DO_TAUA,BELEM
BRA,PB,GUARABIRA,JOAO_PESSOA
BRA,PB,ITABAIANA,JOAO_PESSOA
BRA,PB,ITAPOROROCA,JOAO_PESSOA
BRA,PB,ITATUBA,JOAO_PESSOA
BRA,PB,LAGOA_DE_DENTRO,JOAO_PESSOA
BRA,PB,LUCENA,JOAO_PESSOA
BRA,PB,MARI,JOAO_PESSOA
BRA,PB,MATARACA,JOAO_PESSOA
BRA,PB,NATUBA,JOAO_PESSOA
BRA,PB,PEDRAS_DE_FOGO,JOAO_PESSOA
BRA,PB,PILOES,JOAO_PESSOA
BRA,PB,PIRPIRITUBA,JOAO_PESSOA
BRA,PB,PITIMBU,JOAO_PESSOA
BRA,PB,SAO_JOSE_DOS_RAMOS,JOAO_PESSOA
BRA,PB,SAO_MIGUEL_DE_TAIPU,JOAO_PESSOA
BRA,PB,SAPE,JOAO_PESSOA
BRA,PB,SERRARIA,JOAO_PESSOA
BRA,PB,ALAGOA_GRANDE,JOAO_PESSOA
BRA,PB,ALHANDRA,JOAO_PESSOA
BRA,PB,ARACAGI,JOAO_PESSOA
BRA,PB,BAIA_DA_TRAICAO,JOAO_PESSOA
BRA,PB,BANANEIRAS,JOAO_PESSOA
BRA,PB,BAYEUX,JOAO_PESSOA
BRA,PB,BELEM,JOAO_PESSOA
BRA,PB,BORBOREMA,JOAO_PESSOA
BRA,PB,CAAPORA,JOAO_PESSOA
BRA,PB,CABEDELO,JOAO_PESSOA
BRA,PB,CALDAS_BRANDAO,JOAO_PESSOA
BRA,PB,CAPIM,JOAO_PESSOA
BRA,PB,CASSERENGUE,JOAO_PESSOA
BRA,PB,CONDE,JOAO_PESSOA
BRA,PB,CRUZ_DO_ESPIRITO_SANTO,JOAO_PESSOA
BRA,PB,CUITE_DE_MAMANGUAPE,JOAO_PESSOA
BRA,PB,CUITEGI,JOAO_PESSOA
BRA,PB,DUAS_ESTRADAS,JOAO_PESSOA
BRA,PB,JACARAU,JOAO_PESSOA
BRA,PB,JOAO_PESSOA,JOAO_PESSOA
BRA,PB,MAMANGUAPE,JOAO_PESSOA
BRA,PB,MARCACAO,JOAO_PESSOA
BRA,PB,PILAR,JOAO_PESSOA
BRA,PB,RIO_TINTO,JOAO_PESSOA
BRA,PB,SANTA_RITA,JOAO_PESSOA
BRA,PB,SOBRADO,JOAO_PESSOA
BRA,PE,NAZARE_DA_MATA,RECIFE
BRA,PE,OROBO,RECIFE
BRA,PE,PAULISTA,RECIFE
BRA,PE,POMBOS,RECIFE
BRA,PE,RECIFE,RECIFE
BRA,PE,RIBEIRAO,RECIFE
BRA,PE,SAO_JOSE_DA_COROA_GRANDE,RECIFE
BRA,PE,SAO_VICENTE_FERRER,RECIFE
BRA,PE,SIRINHAEM,RECIFE
BRA,PE,TAMANDARE,RECIFE
BRA,PE,TIMBAUBA,RECIFE
BRA,PE,TRACUNHAEM,RECIFE
BRA,PE,VITORIA_DE_SANTO_ANTAO,RECIFE
BRA,PE,ALIANCA,RECIFE
BRA,PE,AMARAJI,RECIFE
BRA,PE,ARACOIABA,RECIFE
BRA,PE,BARREIROS,RECIFE
BRA,PE,BOM_JARDIM,RECIFE
BRA,PE,ABREU_E_LIMA,RECIFE
BRA,PE,BUENOS_AIRES,RECIFE
BRA,PE,CABO_DE_SANTO_AGOSTINHO,RECIFE
BRA,PE,CAMARAGIBE,RECIFE
BRA,PE,CAMUTANGA,RECIFE
BRA,PE,CHA_GRANDE,RECIFE
BRA,PE,ESCADA,RECIFE
BRA,PE,FEIRA_NOVA,RECIFE
BRA,PE,FERREIROS,RECIFE
BRA,PE,GLORIA_DO_GOITA,RECIFE
BRA,PE,ITAMBE,RECIFE
BRA,PE,ITAPISSUMA,RECIFE
BRA,PE,JABOATAO_DOS_GUARARAPES,RECIFE
BRA,PE,JOAO_ALFREDO,RECIFE
BRA,PE,LAGOA_DO_ITAENGA,RECIFE
BRA,PE,MACAPARANA,RECIFE
BRA,PE,MORENO,RECIFE
BRA,PE,OLINDA,RECIFE
BRA,PE,PAUDALHO,RECIFE
BRA,PE,PRIMAVERA,RECIFE
BRA,PE,RIO_FORMOSO,RECIFE
BRA,PE,SALGADINHO,RECIFE
BRA,PE,SAO_LOURENCO_DA_MATA,RECIFE
BRA,PE,VICENCIA,RECIFE
BRA,PE,CARPINA,RECIFE
BRA,PE,CHA_DE_ALEGRIA,RECIFE
BRA,PE,CONDADO,RECIFE
BRA,PE,FERNANDO_DE_NORONHA,RECIFE
BRA,PE,GOIANA,RECIFE
BRA,PE,IGARASSU,RECIFE
BRA,PE,IPOJUCA,RECIFE
BRA,PE,ILHA_DE_ITAMARACA,RECIFE
BRA,PE,ITAQUITINGA,RECIFE
BRA,PE,LAGOA_DO_CARRO,RECIFE
BRA,PE,LIMOEIRO,RECIFE
BRA,PE,MACHADOS,RECIFE
BRA,PI,AGUA_BRANCA,TERESINA
BRA,PI,ALTOS,TERESINA
BRA,PI,AROAZES,TERESINA
BRA,PI,ASSUNCAO_DO_PIAUI,TERESINA
BRA,PI,BAIXA_GRANDE_DO_RIBEIRO,TERESINA
BRA,PI,BARRAS,TERESINA
BRA,PI,BARRO_DURO,TERESINA
BRA,PI,BENEDITINOS,TERESINA
BRA,PI,BOCAINA,TERESINA
BRA,PI,BOM_PRINCIPIO_DO_PIAUI,TERESINA
BRA,PI,BOQUEIRAO_DO_PIAUI,TERESINA
BRA,PI,BURITI_DOS_MONTES,TERESINA
BRA,PI,CAMPO_LARGO_DO_PIAUI,TERESINA
BRA,PI,CAPITAO_DE_CAMPOS,TERESINA
BRA,PI,COCAL_DE_TELHA,TERESINA
BRA,PI,COIVARAS,TERESINA
BRA,PI,CURIMATA,TERESINA
BRA,PI,DEMERVAL_LOBAO,TERESINA
BRA,PI,DOMINGOS_MOURAO,TERESINA
BRA,PI,ELISEU_MARTINS,TERESINA
BRA,PI,FRANCINOPOLIS,TERESINA
BRA,PI,GILBUES,TERESINA
BRA,PI,ITAINOPOLIS,TERESINA
BRA,PI,JARDIM_DO_MULATO,TERESINA
BRA,PI,JOAQUIM_PIRES,TERESINA
BRA,PI,JOSE_DE_FREITAS,TERESINA
BRA,PI,LAGOA_ALEGRE,TERESINA
BRA,PI,LUZILANDIA,TERESINA
BRA,PI,MANOEL_EMIDIO,TERESINA
BRA,PI,CAMPO_MAIOR,TERESINA
BRA,PI,CANTO_DO_BURITI,TERESINA
BRA,PI,CASTELO_DO_PIAUI,TERESINA
BRA,PI,COCAL,TERESINA
BRA,PI,CORRENTE,TERESINA
BRA,PI,CRISTINO_CASTRO,TERESINA
BRA,PI,ELESBAO_VELOSO,TERESINA
BRA,PI,ESPERANTINA,TERESINA
BRA,PI,HUGO_NAPOLEAO,TERESINA
BRA,PI,INHUMA,TERESINA
BRA,PI,JAICOS,TERESINA
BRA,PI,JATOBA_DO_PIAUI,TERESINA
BRA,PI,LAGOA_DE_SAO_FRANCISCO,TERESINA
BRA,PI,LUIS_CORREIA,TERESINA
BRA,PI,BRASILEIRA,TERESINA
BRA,PI,BURITI_DOS_LOPES,TERESINA
BRA,PI,CABECEIRAS_DO_PIAUI,TERESINA
BRA,PI,CAJUEIRO_DA_PRAIA,TERESINA
BRA,PI,MATIAS_OLIMPIO,TERESINA
BRA,PI,MIGUEL_ALVES,TERESINA
BRA,PI,MIGUEL_LEAO,TERESINA
BRA,PI,MILTON_BRANDAO,TERESINA
BRA,PI,MONSENHOR_GIL,TERESINA
BRA,PI,MORRO_DO_CHAPEU_DO_PIAUI,TERESINA
BRA,PI,NOSSA_SENHORA_DE_NAZARE,TERESINA
BRA,PI,NOSSA_SENHORA_DOS_REMEDIOS,TERESINA
BRA,PI,NOVO_ORIENTE_DO_PIAUI,TERESINA
BRA,PI,OLHO_DAGUA_DO_PIAUI,TERESINA
BRA,PI,PALMEIRAIS,TERESINA
BRA,PI,PARNAGUA,TERESINA
BRA,PI,PARNAIBA,TERESINA
BRA,PI,PASSAGEM_FRANCA_DO_PIAUI,TERESINA
BRA,PI,PAULISTANA,TERESINA
BRA,PI,PEDRO_II,TERESINA
BRA,PI,PIMENTEIRAS,TERESINA
BRA,PI,PIRACURUCA,TERESINA
BRA,PI,PIRIPIRI,TERESINA
BRA,PI,PORTO,TERESINA
BRA,PI,PRATA_DO_PIAUI,TERESINA
BRA,PI,REDENCAO_DO_GURGUEIA,TERESINA
BRA,PI,REGENERACAO,TERESINA
BRA,PI,RIBEIRO_GONCALVES,TERESINA
BRA,PI,SANTA_CRUZ_DOS_MILAGRES,TERESINA
BRA,PI,SAO_FELIX_DO_PIAUI,TERESINA
BRA,PI,SAO_GONCALO_DO_PIAUI,TERESINA
BRA,PI,SAO_JOAO_DO_PIAUI,TERESINA
BRA,PI,SAO_JOSE_DO_DIVINO,TERESINA
BRA,PI,SAO_MIGUEL_DA_BAIXA_GRANDE,TERESINA
BRA,PI,SAO_MIGUEL_DO_TAPUIO,TERESINA
BRA,PI,SAO_PEDRO_DO_PIAUI,TERESINA
BRA,PI,SAO_RAIMUNDO_NONATO,TERESINA
BRA,PI,SIMOES,TERESINA
BRA,PI,SIMPLICIO_MENDES,TERESINA
BRA,PI,SOCORRO_DO_PIAUI,TERESINA
BRA,PI,TERESINA,TERESINA
BRA,PI,UNIAO,TERESINA
BRA,PI,URUCUI,TERESINA
BRA,PI,AGRICOLANDIA,TERESINA
BRA,PI,ALTO_LONGA,TERESINA
BRA,PI,ANGICAL_DO_PIAUI,TERESINA
BRA,PI,AVELINO_LOPES,TERESINA
BRA,PI,BARRA_DALCANTARA,TERESINA
BRA,PI,BATALHA,TERESINA
BRA,PI,BOA_HORA,TERESINA
BRA,PI,BOM_JESUS,TERESINA
BRA,PI,VALENCA_DO_PIAUI,TERESINA
BRA,PI,VARZEA_GRANDE,TERESINA
BRA,PI,NAZARIA,TERESINA
BRA,PR,MANDIRITUBA,CURITBA
BRA,PR,BALSA_NOVA,CURITBA
BRA,PR,CAMPO_LARGO,CURITBA
BRA,PR,CERRO_AZUL,CURITBA
BRA,PR,COLOMBO,CURITBA
BRA,PR,CONTENDA,CURITBA
BRA,PR,GUARAQUECABA,CURITBA
BRA,PR,ITAPERUCU,CURITBA
BRA,PR,LAPA,CURITBA
BRA,PR,PARANAGUA,CURITBA
BRA,PR,PINHAIS,CURITBA
BRA,PR,PIRAQUARA,CURITBA
BRA,PR,PONTAL_DO_PARANA,CURITBA
BRA,PR,QUITANDINHA,CURITBA
BRA,PR,RIO_NEGRO,CURITBA
BRA,PR,SAO_JOSE_DOS_PINHAIS,CURITBA
BRA,PR,TIJUCAS_DO_SUL,CURITBA
BRA,PR,TUNAS_DO_PARANA,CURITBA
BRA,PR,ADRIANOPOLIS,CURITBA
BRA,PR,ALMIRANTE_TAMANDARE,CURITBA
BRA,PR,ARAUCARIA,CURITBA
BRA,PR,MORRETES,CURITBA
BRA,PR,QUATRO_BARRAS,CURITBA
BRA,PR,RIO_BRANCO_DO_SUL,CURITBA
BRA,PR,AGUDOS_DO_SUL,CURITBA
BRA,PR,ANTONINA,CURITBA
BRA,PR,BOCAIUVA_DO_SUL,CURITBA
BRA,PR,CAMPINA_GRANDE_DO_SUL,CURITBA
BRA,PR,CAMPO_DO_TENENTE,CURITBA
BRA,PR,CAMPO_MAGRO,CURITBA
BRA,PR,CURITIBA,CURITBA
BRA,PR,DOUTOR_ULYSSES,CURITBA
BRA,PR,FAZENDA_RIO_GRANDE,CURITBA
BRA,PR,GUARATUBA,CURITBA
BRA,PR,MATINHOS,CURITBA
BRA,PR,PIEN,CURITBA
BRA,RN,JANUARIO_CICCO,NATAL
BRA,RN,LAGOA_DE_PEDRAS,NATAL
BRA,RN,MACAIBA,NATAL
BRA,RN,MONTE_ALEGRE,NATAL
BRA,RN,NISIA_FLORESTA,NATAL
BRA,RN,PARNAMIRIM,NATAL
BRA,RN,PASSAGEM,NATAL
BRA,RN,SERRA_CAIADA,NATAL
BRA,RN,RIACHUELO,NATAL
BRA,RN,SANTO_ANTONIO,NATAL
BRA,RN,BOM_JESUS,NATAL
BRA,RN,CANGUARETAMA,NATAL
BRA,RN,CEARA_MIRIM,NATAL
BRA,RN,EXTREMOZ,NATAL
BRA,RN,LAGOA_DANTA,NATAL
BRA,RN,LAGOA_SALGADA,NATAL
BRA,RN,MAXARANGUAPE,NATAL
BRA,RN,NATAL,NATAL
BRA,RN,PASSA_E_FICA,NATAL
BRA,RN,PUREZA,NATAL
BRA,RN,RIO_DO_FOGO,NATAL
BRA,RN,SANTA_MARIA,NATAL
BRA,RN,SAO_GONCALO_DO_AMARANTE,NATAL
BRA,RN,SAO_JOSE_DE_MIPIBU,NATAL
BRA,RN,SAO_MIGUEL_DO_GOSTOSO,NATAL
BRA,RN,SAO_PEDRO,NATAL
BRA,RN,SENADOR_ELOI_DE_SOUZA,NATAL
BRA,RN,SERRA_DE_SAO_BENTO,NATAL
BRA,RN,SERRINHA,NATAL
BRA,RN,TIBAU_DO_SUL,NATAL
BRA,RN,TOUROS,NATAL
BRA,RN,VARZEA,NATAL
BRA,RN,VERA_CRUZ,NATAL
BRA,RN,VILA_FLOR,NATAL
BRA,RN,ARES,NATAL
BRA,RN,BAIA_FORMOSA,NATAL
BRA,RN,BREJINHO,NATAL
BRA,RN,ESPIRITO_SANTO,NATAL
BRA,RN,GOIANINHA,NATAL
BRA,RN,IELMO_MARINHO,NATAL
BRA,RN,SAO_PAULO_DO_POTENGI,NATAL
BRA,RN,SENADOR_GEORGINO_AVELINO,NATAL
BRA,RN,TAIPU,NATAL
BRA,RN,JUNDIA,NATAL
BRA,RO,COLORADO_DO_OESTE,PORTO_VELHO
BRA,RO,PIMENTA_BUENO,PORTO_VELHO
BRA,RO,ALVORADA_DOESTE,PORTO_VELHO
BRA,RO,CANDEIAS_DO_JAMARI,PORTO_VELHO
BRA,RO,CUJUBIM,PORTO_VELHO
BRA,RO,MINISTRO_ANDREAZZA,PORTO_VELHO
BRA,RO,MONTE_NEGRO,PORTO_VELHO
BRA,RO,PRESIDENTE_MEDICI,PORTO_VELHO
BRA,RO,SERINGUEIRAS,PORTO_VELHO
BRA,RO,VALE_DO_PARAISO,PORTO_VELHO
BRA,RO,ALTA_FLORESTA_DOESTE,PORTO_VELHO
BRA,RO,CEREJEIRAS,PORTO_VELHO
BRA,RO,COSTA_MARQUES,PORTO_VELHO
BRA,RO,ESPIGAO_DOESTE,PORTO_VELHO
BRA,RO,JARU,PORTO_VELHO
BRA,RO,MIRANTE_DA_SERRA,PORTO_VELHO
BRA,RO,NOVA_UNIAO,PORTO_VELHO
BRA,RO,OURO_PRETO_DO_OESTE,PORTO_VELHO
BRA,RO,PORTO_VELHO,PORTO_VELHO
BRA,RO,ROLIM_DE_MOURA,PORTO_VELHO
BRA,RO,SANTA_LUZIA_DOESTE,PORTO_VELHO
BRA,RO,SAO_MIGUEL_DO_GUAPORE,PORTO_VELHO
BRA,RO,TEIXEIROPOLIS,PORTO_VELHO
BRA,RR,CARACARAI,BOA_VISTA
BRA,RR,SAO_LUIZ,BOA_VISTA
BRA,RR,CANTA,BOA_VISTA
BRA,RR,ALTO_ALEGRE,BOA_VISTA
BRA,RR,AMAJARI,BOA_VISTA
BRA,RR,BOA_VISTA,BOA_VISTA
BRA,RR,BONFIM,BOA_VISTA
BRA,RR,CAROEBE,BOA_VISTA
BRA,RR,IRACEMA,BOA_VISTA
BRA,RR,MUCAJAI,BOA_VISTA
BRA,RR,NORMANDIA,BOA_VISTA
BRA,RR,PACARAIMA,BOA_VISTA
BRA,RR,RORAINOPOLIS,BOA_VISTA
BRA,RR,SAO_JOAO_DA_BALIZA,BOA_VISTA
BRA,RR,UIRAMUTA,BOA_VISTA
BRA,SC,LEOBERTO_LEAL,FLORIANOPOLIS
BRA,SC,GOVERNADOR_CELSO_RAMOS,FLORIANOPOLIS
BRA,SC,SANTO_AMARO_DA_IMPERATRIZ,FLORIANOPOLIS
BRA,SC,SAO_PEDRO_DE_ALCANTARA,FLORIANOPOLIS
BRA,SC,TIJUCAS,FLORIANOPOLIS
BRA,SC,ALFREDO_WAGNER,FLORIANOPOLIS
BRA,SC,BIGUACU,FLORIANOPOLIS
BRA,SC,BOM_RETIRO,FLORIANOPOLIS
BRA,SC,FLORIANOPOLIS,FLORIANOPOLIS
BRA,SC,GAROPABA,FLORIANOPOLIS
BRA,SC,RANCHO_QUEIMADO,FLORIANOPOLIS
BRA,SC,SAO_BONIFACIO,FLORIANOPOLIS
BRA,SC,SAO_JOSE,FLORIANOPOLIS
BRA,SC,AGUAS_MORNAS,FLORIANOPOLIS
BRA,SC,ANGELINA,FLORIANOPOLIS
BRA,SC,ANTONIO_CARLOS,FLORIANOPOLIS
BRA,SC,MAJOR_GERCINO,FLORIANOPOLIS
BRA,SC,PALHOCA,FLORIANOPOLIS
BRA,SC,PAULO_LOPES,FLORIANOPOLIS
BRA,SC,ANITAPOLIS,FLORIANOPOLIS
BRA,SE,AQUIDABA,ARACAJU
BRA,SE,ARACAJU,ARACAJU
BRA,SE,ARAUA,ARACAJU
BRA,SE,AREIA_BRANCA,ARACAJU
BRA,SE,BARRA_DOS_COQUEIROS,ARACAJU
BRA,SE,BOQUIM,ARACAJU
BRA,SE,CAMPO_DO_BRITO,ARACAJU
BRA,SE,CANINDE_DE_SAO_FRANCISCO,ARACAJU
BRA,SE,CAPELA,ARACAJU
BRA,SE,CARIRA,ARACAJU
BRA,SE,CARMOPOLIS,ARACAJU
BRA,SE,CEDRO_DE_SAO_JOAO,ARACAJU
BRA,SE,CRISTINAPOLIS,ARACAJU
BRA,SE,CUMBE,ARACAJU
BRA,SE,DIVINA_PASTORA,ARACAJU
BRA,SE,ESTANCIA,ARACAJU
BRA,SE,FEIRA_NOVA,ARACAJU
BRA,SE,FREI_PAULO,ARACAJU
BRA,SE,GARARU,ARACAJU
BRA,SE,GENERAL_MAYNARD,ARACAJU
BRA,SE,GRACHO_CARDOSO,ARACAJU
BRA,SE,INDIAROBA,ARACAJU
BRA,SE,ITABAIANA,ARACAJU
BRA,SE,ITABAIANINHA,ARACAJU
BRA,SE,ITABI,ARACAJU
BRA,SE,ITAPORANGA_DAJUDA,ARACAJU
BRA,SE,JAPARATUBA,ARACAJU
BRA,SE,JAPOATA,ARACAJU
BRA,SE,LAGARTO,ARACAJU
BRA,SE,LARANJEIRAS,ARACAJU
BRA,SE,MACAMBIRA,ARACAJU
BRA,SE,MALHADA_DOS_BOIS,ARACAJU
BRA,SE,MALHADOR,ARACAJU
BRA,SE,MARUIM,ARACAJU
BRA,SE,MOITA_BONITA,ARACAJU
BRA,SE,MONTE_ALEGRE_DE_SERGIPE,ARACAJU
BRA,SE,MURIBECA,ARACAJU
BRA,SE,NEOPOLIS,ARACAJU
BRA,SE,NOSSA_SENHORA_APARECIDA,ARACAJU
BRA,SE,NOSSA_SENHORA_DA_GLORIA,ARACAJU
BRA,SE,NOSSA_SENHORA_DAS_DORES,ARACAJU
BRA,SE,NOSSA_SENHORA_DE_LOURDES,ARACAJU
BRA,SE,NOSSA_SENHORA_DO_SOCORRO,ARACAJU
BRA,SE,PACATUBA,ARACAJU
BRA,SE,PEDRINHAS,ARACAJU
BRA,SE,PINHAO,ARACAJU
BRA,SE,PIRAMBU,ARACAJU
BRA,SE,POCO_REDONDO,ARACAJU
BRA,SE,POCO_VERDE,ARACAJU
BRA,SE,PORTO_DA_FOLHA,ARACAJU
BRA,SE,PROPRIA,ARACAJU
BRA,SE,RIACHAO_DO_DANTAS,ARACAJU
BRA,SE,RIACHUELO,ARACAJU
BRA,SE,RIBEIROPOLIS,ARACAJU
BRA,SE,ROSARIO_DO_CATETE,ARACAJU
BRA,SE,SALGADO,ARACAJU
BRA,SE,SANTA_LUZIA_DO_ITANHY,ARACAJU
BRA,SE,SANTA_ROSA_DE_LIMA,ARACAJU
BRA,SE,SANTO_AMARO_DAS_BROTAS,ARACAJU
BRA,SE,SAO_CRISTOVAO,ARACAJU
BRA,SE,SAO_DOMINGOS,ARACAJU
BRA,SE,SAO_FRANCISCO,ARACAJU
BRA,SE,SAO_MIGUEL_DO_ALEIXO,ARACAJU
BRA,SE,SIMAO_DIAS,ARACAJU
BRA,SE,SIRIRI,ARACAJU
BRA,SE,TELHA,ARACAJU
BRA,SE,TOBIAS_BARRETO,ARACAJU
BRA,SE,TOMAR_DO_GERU,ARACAJU
BRA,SE,UMBAUBA,ARACAJU
BRA,TO,ABREULANDIA,PALMAS
BRA,TO,BREJINHO_DE_NAZARE,PALMAS
BRA,TO,CHAPADA_DE_AREIA,PALMAS
BRA,TO,CRISTALANDIA,PALMAS
BRA,TO,DIVINOPOLIS_DO_TOCANTINS,PALMAS
BRA,TO,FATIMA,PALMAS
BRA,TO,LAJEADO,PALMAS
BRA,TO,MIRANORTE,PALMAS
BRA,TO,MONTE_SANTO_DO_TOCANTINS,PALMAS
BRA,TO,OLIVEIRA_DE_FATIMA,PALMAS
BRA,TO,PARAISO_DO_TOCANTINS,PALMAS
BRA,TO,PIUM,PALMAS
BRA,TO,PONTE_ALTA_DO_TOCANTINS,PALMAS
BRA,TO,PORTO_NACIONAL,PALMAS
BRA,TO,SANTA_ROSA_DO_TOCANTINS,PALMAS
BRA,TO,SAO_FELIX_DO_TOCANTINS,PALMAS
BRA,TO,TOCANTINIA,PALMAS
BRA,TO,IPUEIRAS,PALMAS
BRA,TO,MATEIROS,PALMAS
BRA,TO,MIRACEMA_DO_TOCANTINS,PALMAS
BRA,TO,PALMAS,PALMAS
BRA,TO,PUGMIL,PALMAS
BRA,GO,GOIANIA,GOIANIA
BRA,GO,GOIAS,GOIANIA
BRA,GO,HIDROLANDIA,GOIANIA
BRA,GO,INDIARA,GOIANIA
BRA,GO,ISRAELANDIA,GOIANIA
BRA,GO,ITAGUARI,GOIANIA
BRA,GO,ITAPIRAPUA,GOIANIA
BRA,GO,JANDAIA,GOIANIA
BRA,GO,JESUPOLIS,GOIANIA
BRA,GO,JUSSARA,GOIANIA
BRA,GO,MOIPORA,GOIANIA
BRA,GO,MONTES_CLAROS_DE_GOIAS,GOIANIA
BRA,GO,MORRO_AGUDO_DE_GOIAS,GOIANIA
BRA,GO,MOZARLANDIA,GOIANIA
BRA,GO,SAO_MIGUEL_DO_PASSA_QUATRO,GOIANIA
BRA,GO,TAQUARAL_DE_GOIAS,GOIANIA
BRA,GO,TRINDADE,GOIANIA
BRA,GO,TURVANIA,GOIANIA
BRA,GO,VILA_PROPICIO,GOIANIA
BRA,GO,ABADIA_DE_GOIAS,GOIANIA
BRA,GO,AMORINOPOLIS,GOIANIA
BRA,GO,APARECIDA_DE_GOIANIA,GOIANIA
BRA,GO,ARAGARCAS,GOIANIA
BRA,GO,ARAGUAPAZ,GOIANIA
BRA,GO,ARUANA,GOIANIA
BRA,GO,AVELINOPOLIS,GOIANIA
BRA,GO,BOM_JARDIM_DE_GOIAS,GOIANIA
BRA,GO,BONFINOPOLIS,GOIANIA
BRA,GO,BRAZABRANTES,GOIANIA
BRA,GO,CALDAZINHA,GOIANIA
BRA,GO,CATURAI,GOIANIA
BRA,GO,CORREGO_DO_OURO,GOIANIA
BRA,GO,CRISTIANOPOLIS,GOIANIA
BRA,GO,CROMINIA,GOIANIA
BRA,GO,FAZENDA_NOVA,GOIANIA
BRA,GO,ADELANDIA,GOIANIA
BRA,GO,AMERICANO_DO_BRASIL,GOIANIA
BRA,GO,ANICUNS,GOIANIA
BRA,GO,ARACU,GOIANIA
BRA,GO,ARAGOIANIA,GOIANIA
BRA,GO,ARENOPOLIS,GOIANIA
BRA,GO,AURILANDIA,GOIANIA
BRA,GO,BALIZA,GOIANIA
BRA,GO,BELA_VISTA_DE_GOIAS,GOIANIA
BRA,GO,BRITANIA,GOIANIA
BRA,GO,BURITI_DE_GOIAS,GOIANIA
BRA,GO,CACHOEIRA_DE_GOIAS,GOIANIA
BRA,GO,CAMPESTRE_DE_GOIAS,GOIANIA
BRA,GO,CEZARINA,GOIANIA
BRA,GO,DAMOLANDIA,GOIANIA
BRA,GO,DIORAMA,GOIANIA
BRA,GO,EDEIA,GOIANIA
BRA,GO,FAINA,GOIANIA
BRA,GO,FIRMINOPOLIS,GOIANIA
BRA,GO,GOIANIRA,GOIANIA
BRA,GO,GUAPO,GOIANIA
BRA,GO,INHUMAS,GOIANIA
BRA,GO,IPORA,GOIANIA
BRA,GO,ITABERAI,GOIANIA
BRA,GO,ITAGUARU,GOIANIA
BRA,GO,ITAPURANGA,GOIANIA
BRA,GO,ITAUCU,GOIANIA
BRA,GO,IVOLANDIA,GOIANIA
BRA,GO,JAUPACI,GOIANIA
BRA,GO,MAIRIPOTABA,GOIANIA
BRA,GO,MATRINCHA,GOIANIA
BRA,GO,MOSSAMEDES,GOIANIA
BRA,GO,NAZARIO,GOIANIA
BRA,GO,NOVA_VENEZA,GOIANIA
BRA,GO,NOVO_BRASIL,GOIANIA
BRA,GO,PALMEIRAS_DE_GOIAS,GOIANIA
BRA,GO,PALMINOPOLIS,GOIANIA
BRA,GO,PARAUNA,GOIANIA
BRA,GO,PETROLINA_DE_GOIAS,GOIANIA
BRA,GO,PIRACANJUBA,GOIANIA
BRA,GO,PIRANHAS,GOIANIA
BRA,GO,PROFESSOR_JAMIL,GOIANIA
BRA,GO,SANCLERLANDIA,GOIANIA
BRA,GO,SANTA_BARBARA_DE_GOIAS,GOIANIA
BRA,GO,SANTA_ROSA_DE_GOIAS,GOIANIA
BRA,GO,SANTO_ANTONIO_DE_GOIAS,GOIANIA
BRA,GO,SAO_FRANCISCO_DE_GOIAS,GOIANIA
BRA,GO,SAO_JOAO_DA_PARAUNA,GOIANIA
BRA,GO,SAO_LUIS_DE_MONTES_BELOS,GOIANIA
BRA,GO,SENADOR_CANEDO,GOIANIA
BRA,GO,VARJAO,GOIANIA
BRA,ES,ALFREDO_CHAVES,VITORIA
BRA,ES,CARIACICA,VITORIA
BRA,ES,DOMINGOS_MARTINS,VITORIA
BRA,ES,GUARAPARI,VITORIA
BRA,ES,MARECHAL_FLORIANO,VITORIA
BRA,ES,SANTA_LEOPOLDINA,VITORIA
BRA,ES,VILA_VELHA,VITORIA
BRA,ES,AFONSO_CLAUDIO,VITORIA
BRA,ES,BREJETUBA,VITORIA
BRA,ES,FUNDAO,VITORIA
BRA,ES,LARANJA_DA_TERRA,VITORIA
BRA,ES,SANTA_MARIA_DE_JETIBA,VITORIA
BRA,ES,SERRA,VITORIA
BRA,ES,VIANA,VITORIA
BRA,ES,VITORIA,VITORIA
BRA,DF,BRASILIA,BRASILIA
BRA,AM,ALVARAES,MANAUS
BRA,AM,APUI,MANAUS
BRA,AM,AUTAZES,MANAUS
BRA,AM,BARREIRINHA,MANAUS
BRA,AM,BERURI,MANAUS
BRA,AM,BOCA_DO_ACRE,MANAUS
BRA,AM,CAAPIRANGA,MANAUS
BRA,AM,CARAUARI,MANAUS
BRA,AM,CAREIRO_DA_VARZEA,MANAUS
BRA,AM,CODAJAS,MANAUS
BRA,AM,ENVIRA,MANAUS
BRA,AM,GUAJARA,MANAUS
BRA,AM,IPIXUNA,MANAUS
BRA,AM,ITAMARATI,MANAUS
BRA,AM,JAPURA,MANAUS
BRA,AM,JUTAI,MANAUS
BRA,AM,MANACAPURU,MANAUS
BRA,AM,MANAUS,MANAUS
BRA,AM,MARAA,MANAUS
BRA,AM,NHAMUNDA,MANAUS
BRA,AM,NOVO_AIRAO,MANAUS
BRA,AM,PRESIDENTE_FIGUEIREDO,MANAUS
BRA,AM,SANTA_ISABEL_DO_RIO_NEGRO,MANAUS
BRA,AM,SAO_GABRIEL_DA_CACHOEIRA,MANAUS
BRA,AM,SAO_SEBASTIAO_DO_UATUMA,MANAUS
BRA,AM,TABATINGA,MANAUS
BRA,AM,TEFE,MANAUS
BRA,AM,UARINI,MANAUS
BRA,AM,URUCURITUBA,MANAUS
BRA,AM,AMATURA,MANAUS
BRA,AM,ANORI,MANAUS
BRA,AM,ATALAIA_DO_NORTE,MANAUS
BRA,AM,BARCELOS,MANAUS
BRA,AM,BENJAMIN_CONSTANT,MANAUS
BRA,AM,BOA_VISTA_DO_RAMOS,MANAUS
BRA,AM,BORBA,MANAUS
BRA,AM,CANUTAMA,MANAUS
BRA,AM,CAREIRO,MANAUS
BRA,AM,COARI,MANAUS
BRA,AM,EIRUNEPE,MANAUS
BRA,AM,FONTE_BOA,MANAUS
BRA,AM,HUMAITA,MANAUS
BRA,AM,IRANDUBA,MANAUS
BRA,AM,ITAPIRANGA,MANAUS
BRA,AM,JURUA,MANAUS
BRA,AM,LABREA,MANAUS
BRA,AM,MANICORE,MANAUS
BRA,AM,MAUES,MANAUS
BRA,AM,NOVA_OLINDA_DO_NORTE,MANAUS
BRA,AM,NOVO_ARIPUANA,MANAUS
BRA,AM,PAUINI,MANAUS
BRA,AM,RIO_PRETO_DA_EVA,MANAUS
BRA,AM,SANTO_ANTONIO_DO_ICA,MANAUS
BRA,AM,SAO_PAULO_DE_OLIVENCA,MANAUS
BRA,AM,SILVES,MANAUS
BRA,AM,TAPAUA,MANAUS
BRA,AM,TONANTINS,MANAUS
BRA,AM,URUCARA,MANAUS
BRA,AP,AMAPA,MACAPA
BRA,AP,CALCOENE,MACAPA
BRA,AP,CUTIAS,MACAPA
BRA,AP,ITAUBAL,MACAPA
BRA,AP,MAZAGAO,MACAPA
BRA,AP,OIAPOQUE,MACAPA
BRA,AP,PEDRA_BRANCA_DO_AMAPARI,MACAPA
BRA,AP,PRACUUBA,MACAPA
BRA,AP,TARTARUGALZINHO,MACAPA
BRA,AP,FERREIRA_GOMES,MACAPA
BRA,AP,LARANJAL_DO_JARI,MACAPA
BRA,AP,MACAPA,MACAPA
BRA,AP,PORTO_GRANDE,MACAPA
BRA,AP,SANTANA,MACAPA
BRA,AP,SERRA_DO_NAVIO,MACAPA
BRA,AP,VITORIA_DO_JARI,MACAPA
SWE,AC,MALA,TV3_NORRBOTTEN
SWE,BD,ARVIDSJAUR,TV3_NORRBOTTEN
SWE,BD,ARJEPLOG,TV3_NORRBOTTEN
SWE,BD,JOKKMOKK,TV3_NORRBOTTEN
SWE,BD,OVERKALIX,TV3_NORRBOTTEN
SWE,BD,KALIX,TV3_NORRBOTTEN
SWE,BD,OVERTORNEA,TV3_NORRBOTTEN
SWE,BD,PAJALA,TV3_NORRBOTTEN
SWE,BD,GALLIVARE,TV3_NORRBOTTEN
SWE,BD,ALVSBYN,TV3_NORRBOTTEN
SWE,BD,LULEA,TV3_NORRBOTTEN
SWE,BD,PITEA,TV3_NORRBOTTEN
SWE,BD,BODEN,TV3_NORRBOTTEN
SWE,BD,HAPARANDA,TV3_NORRBOTTEN
SWE,BD,KIRUNA,TV3_NORRBOTTEN
SWE,AC,NORDMALING,TV3_VASTERBOTTEN
SWE,AC,BJURHOLM,TV3_VASTERBOTTEN
SWE,AC,VINDELN,TV3_VASTERBOTTEN
SWE,AC,ROBERTSFORS,TV3_VASTERBOTTEN
SWE,AC,NORSJO,TV3_VASTERBOTTEN
SWE,AC,STORUMAN,TV3_VASTERBOTTEN
SWE,AC,SORSELE,TV3_VASTERBOTTEN
SWE,AC,VANNAS,TV3_VASTERBOTTEN
SWE,AC,ASELE,TV3_VASTERBOTTEN
SWE,AC,UMEA,TV3_VASTERBOTTEN
SWE,AC,LYCKSELE,TV3_VASTERBOTTEN
SWE,AC,SKELLEFTEA,TV3_VASTERBOTTEN
SWE,Y,ANGE,TV3_NORRLAND_MITT
SWE,Y,TIMRA,TV3_NORRLAND_MITT
SWE,Y,HARNOSAND,TV3_NORRLAND_MITT
SWE,Y,SUNDSVALL,TV3_NORRLAND_MITT
SWE,Y,KRAMFORS,TV3_NORRLAND_MITT
SWE,Y,SOLLEFTEA,TV3_NORRLAND_MITT
SWE,Y,ORNSKOLDSVIK,TV3_NORRLAND_MITT
SWE,Z,RAGUNDA,TV3_NORRLAND_MITT
SWE,Z,BRACKE,TV3_NORRLAND_MITT
SWE,Z,KROKOM,TV3_NORRLAND_MITT
SWE,Z,STROMSUND,TV3_NORRLAND_MITT
SWE,Z,ARE,TV3_NORRLAND_MITT
SWE,Z,BERG,TV3_NORRLAND_MITT
SWE,Z,HARJEDALEN,TV3_NORRLAND_MITT
SWE,Z,OSTERSUND,TV3_NORRLAND_MITT
SWE,AC,VILHELMINA,TV3_NORRLAND_MITT
SWE,AC,DOROTEA,TV3_NORRLAND_MITT
SWE,G,MARKARYD,TV3_HALLAND
SWE,M,BASTAD,TV3_HALLAND
SWE,N,HYLTE,TV3_HALLAND
SWE,N,HALMSTAD,TV3_HALLAND
SWE,N,LAHOLM,TV3_HALLAND
SWE,N,FALKENBERG,TV3_HALLAND
SWE,N,VARBERG,TV3_HALLAND
SWE,M,SVALOV,TV3_SKANE
SWE,M,STAFFANSTORP,TV3_SKANE
SWE,M,BURLOV,TV3_SKANE
SWE,M,VELLINGE,TV3_SKANE
SWE,M,OSTRA_GOINGE,TV3_SKANE
SWE,M,ORKELLJUNGA,TV3_SKANE
SWE,M,BJUV,TV3_SKANE
SWE,M,KAVLINGE,TV3_SKANE
SWE,M,LOMMA,TV3_SKANE
SWE,M,SVEDALA,TV3_SKANE
SWE,M,SKURUP,TV3_SKANE
SWE,M,SJOBO,TV3_SKANE
SWE,M,HORBY,TV3_SKANE
SWE,M,HOOR,TV3_SKANE
SWE,M,TOMELILLA,TV3_SKANE
SWE,M,BROMOLLA,TV3_SKANE
SWE,M,OSBY,TV3_SKANE
SWE,M,PERSTORP,TV3_SKANE
SWE,M,KLIPPAN,TV3_SKANE
SWE,M,ASTORP,TV3_SKANE
SWE,M,MALMO,TV3_SKANE
SWE,M,LUND,TV3_SKANE
SWE,M,LANDSKRONA,TV3_SKANE
SWE,M,HELSINGBORG,TV3_SKANE
SWE,M,HOGANAS,TV3_SKANE
SWE,M,ESLOV,TV3_SKANE
SWE,M,YSTAD,TV3_SKANE
SWE,M,TRELLEBORG,TV3_SKANE
SWE,M,KRISTIANSTAD,TV3_SKANE
SWE,M,SIMRISHAMN,TV3_SKANE
SWE,M,ANGELHOLM,TV3_SKANE
SWE,M,HASSLEHOLM,TV3_SKANE
SWE,C,ALVKARLEBY,TV3_GAVLE_DALA
SWE,W,VANSBRO,TV3_GAVLE_DALA
SWE,W,MALUNG_SALEN,TV3_GAVLE_DALA
SWE,W,GAGNEF,TV3_GAVLE_DALA
SWE,W,LEKSAND,TV3_GAVLE_DALA
SWE,W,RATTVIK,TV3_GAVLE_DALA
SWE,W,ORSA,TV3_GAVLE_DALA
SWE,W,ALVDALEN,TV3_GAVLE_DALA
SWE,W,SMEDJEBACKEN,TV3_GAVLE_DALA
SWE,W,MORA,TV3_GAVLE_DALA
SWE,W,FALUN,TV3_GAVLE_DALA
SWE,W,BORLANGE,TV3_GAVLE_DALA
SWE,W,SATER,TV3_GAVLE_DALA
SWE,W,HEDEMORA,TV3_GAVLE_DALA
SWE,W,AVESTA,TV3_GAVLE_DALA
SWE,W,LUDVIKA,TV3_GAVLE_DALA
SWE,X,OCKELBO,TV3_GAVLE_DALA
SWE,X,HOFORS,TV3_GAVLE_DALA
SWE,X,OVANAKER,TV3_GAVLE_DALA
SWE,X,NORDANSTIG,TV3_GAVLE_DALA
SWE,X,LJUSDAL,TV3_GAVLE_DALA
SWE,X,GAVLE,TV3_GAVLE_DALA
SWE,X,SANDVIKEN,TV3_GAVLE_DALA
SWE,X,SODERHAMN,TV3_GAVLE_DALA
SWE,X,BOLLNAS,TV3_GAVLE_DALA
SWE,X,HUDIKSVALL,TV3_GAVLE_DALA
SWE,S,KIL,TV3_VARMLAND
SWE,S,EDA,TV3_VARMLAND
SWE,S,TORSBY,TV3_VARMLAND
SWE,S,STORFORS,TV3_VARMLAND
SWE,S,HAMMARO,TV3_VARMLAND
SWE,S,MUNKFORS,TV3_VARMLAND
SWE,S,FORSHAGA,TV3_VARMLAND
SWE,S,GRUMS,TV3_VARMLAND
SWE,S,ARJANG,TV3_VARMLAND
SWE,S,SUNNE,TV3_VARMLAND
SWE,S,KARLSTAD,TV3_VARMLAND
SWE,S,KRISTINEHAMN,TV3_VARMLAND
SWE,S,FILIPSTAD,TV3_VARMLAND
SWE,S,HAGFORS,TV3_VARMLAND
SWE,S,ARVIKA,TV3_VARMLAND
SWE,S,SAFFLE,TV3_VARMLAND
SWE,T,DEGERFORS,TV3_VARMLAND
SWE,T,LEKEBERG,TV3_OREBRO
SWE,T,LAXA,TV3_OREBRO
SWE,T,HALLSBERG,TV3_OREBRO
SWE,T,HALLEFORS,TV3_OREBRO
SWE,T,LJUSNARSBERG,TV3_OREBRO
SWE,T,OREBRO,TV3_OREBRO
SWE,T,KUMLA,TV3_OREBRO
SWE,T,KARLSKOGA,TV3_OREBRO
SWE,T,NORA,TV3_OREBRO
SWE,T,LINDESBERG,TV3_OREBRO
SWE,D,ESKILSTUNA,TV3_VASTERAS
SWE,C,HEBY,TV3_VASTERAS
SWE,U,SKINNSKATTEBERG,TV3_VASTERAS
SWE,U,SURAHAMMAR,TV3_VASTERAS
SWE,U,KUNGSOR,TV3_VASTERAS
SWE,U,HALLSTAHAMMAR,TV3_VASTERAS
SWE,U,NORBERG,TV3_VASTERAS
SWE,U,VASTERAS,TV3_VASTERAS
SWE,U,SALA,TV3_VASTERAS
SWE,U,FAGERSTA,TV3_VASTERAS
SWE,U,KOPING,TV3_VASTERAS
SWE,U,ARBOGA,TV3_VASTERAS
SWE,C,KNIVSTA,TV3_UPPSLALA
SWE,C,TIERP,TV3_UPPSLALA
SWE,C,UPPSALA,TV3_UPPSLALA
SWE,C,ENKOPING,TV3_UPPSLALA
SWE,C,OSTHAMMAR,TV3_UPPSLALA
SWE,O,STENUNGSUND,TV3_VAST
SWE,O,TJORN,TV3_VAST
SWE,O,ORUST,TV3_VAST
SWE,O,SOTENAS,TV3_VAST
SWE,O,MUNKEDAL,TV3_VAST
SWE,O,TANUM,TV3_VAST
SWE,O,DALS_ED,TV3_VAST
SWE,O,FARGELANDA,TV3_VAST
SWE,O,GRASTORP,TV3_VAST
SWE,O,ESSUNGA,TV3_VAST
SWE,O,LYSEKIL,TV3_VAST
SWE,O,UDDEVALLA,TV3_VAST
SWE,O,STROMSTAD,TV3_VAST
SWE,O,VANERSBORG,TV3_VAST
SWE,O,TROLLHATTAN,TV3_VAST
SWE,O,BENGTSFORS,TV3_VAST
SWE,O,MELLERUD,TV3_VAST
SWE,O,LILLA_EDET,TV3_VAST
SWE,O,AMAL,TV3_VAST
SWE,N,KUNGSBACKA,TV3_GOTEBORG
SWE,O,HARRYDA,TV3_GOTEBORG
SWE,O,PARTILLE,TV3_GOTEBORG
SWE,O,OCKERO,TV3_GOTEBORG
SWE,O,ALE,TV3_GOTEBORG
SWE,O,LERUM,TV3_GOTEBORG
SWE,O,GOTEBORG,TV3_GOTEBORG
SWE,O,MOLNDAL,TV3_GOTEBORG
SWE,O,KUNGALV,TV3_GOTEBORG
SWE,O,ALINGSAS,TV3_GOTEBORG
SWE,O,MARK,TV3_BORAS
SWE,O,SVENLJUNGA,TV3_BORAS
SWE,O,HERRLJUNGA,TV3_BORAS
SWE,O,VARGARDA,TV3_BORAS
SWE,O,BOLLEBYGD,TV3_BORAS
SWE,O,BORAS,TV3_BORAS
SWE,O,ULRICEHAMN,TV3_BORAS
SWE,O,TRANEMO,TV3_BORAS
SWE,AB,UPPLANDS_VASBY,TV3_STOCKHOLM
SWE,AB,VALLENTUNA,TV3_STOCKHOLM
SWE,AB,OSTERAKER,TV3_STOCKHOLM
SWE,AB,VARMDO,TV3_STOCKHOLM
SWE,AB,JARFALLA,TV3_STOCKHOLM
SWE,AB,EKERO,TV3_STOCKHOLM
SWE,AB,HUDDINGE,TV3_STOCKHOLM
SWE,AB,BOTKYRKA,TV3_STOCKHOLM
SWE,AB,SALEM,TV3_STOCKHOLM
SWE,AB,HANINGE,TV3_STOCKHOLM
SWE,AB,TYRESO,TV3_STOCKHOLM
SWE,AB,UPPLANDS_BRO,TV3_STOCKHOLM
SWE,AB,NYKVARN,TV3_STOCKHOLM
SWE,AB,TABY,TV3_STOCKHOLM
SWE,AB,DANDERYD,TV3_STOCKHOLM
SWE,AB,SOLLENTUNA,TV3_STOCKHOLM
SWE,AB,STOCKHOLM,TV3_STOCKHOLM
SWE,AB,SODERTALJE,TV3_STOCKHOLM
SWE,AB,NACKA,TV3_STOCKHOLM
SWE,AB,SUNDBYBERG,TV3_STOCKHOLM
SWE,AB,SOLNA,TV3_STOCKHOLM
SWE,AB,LIDINGO,TV3_STOCKHOLM
SWE,AB,VAXHOLM,TV3_STOCKHOLM
SWE,AB,NORRTALJE,TV3_STOCKHOLM
SWE,AB,SIGTUNA,TV3_STOCKHOLM
SWE,AB,NYNASHAMN,TV3_STOCKHOLM
SWE,AB,HABO,TV3_STOCKHOLM
SWE,AB,GOTLAND,TV3_STOCKHOLM
SWE,AB,STRANGNAS,TV3_STOCKHOLM
SWE,AB,GNESTA,TV3_STOCKHOLM
SWE,D,VINGAKER,TV3_NORRKOPING
SWE,D,NYKOPING,TV3_NORRKOPING
SWE,D,OXELOSUND,TV3_NORRKOPING
SWE,D,FLEN,TV3_NORRKOPING
SWE,D,KATRINEHOLM,TV3_NORRKOPING
SWE,D,TROSA,TV3_NORRKOPING
SWE,E,FINSPANG,TV3_NORRKOPING
SWE,E,VALDEMARSVIK,TV3_NORRKOPING
SWE,E,NORRKOPING,TV3_NORRKOPING
SWE,E,SODERKOPING,TV3_NORRKOPING
SWE,E,ODESHOG,TV3_LINKOPING
SWE,E,YDRE,TV3_LINKOPING
SWE,E,KINDA,TV3_LINKOPING
SWE,E,BOXHOLM,TV3_LINKOPING
SWE,E,ATVIDABERG,TV3_LINKOPING
SWE,E,LINKOPING,TV3_LINKOPING
SWE,E,MOTALA,TV3_LINKOPING
SWE,E,VADSTENA,TV3_LINKOPING
SWE,E,MJOLBY,TV3_LINKOPING
SWE,T,ASKERSUND,TV3_LINKOPING
SWE,F,ANEBY,TV3_JONKOPING
SWE,F,GNOSJO,TV3_JONKOPING
SWE,F,MULLSJO,TV3_JONKOPING
SWE,F,HABO,TV3_JONKOPING
SWE,F,GISLAVED,TV3_JONKOPING
SWE,F,VAGGERYD,TV3_JONKOPING
SWE,F,JONKOPING,TV3_JONKOPING
SWE,F,NASSJO,TV3_JONKOPING
SWE,F,VARNAMO,TV3_JONKOPING
SWE,F,SAVSJO,TV3_JONKOPING
SWE,F,VETLANDA,TV3_JONKOPING
SWE,F,EKSJO,TV3_JONKOPING
SWE,F,TRANAS,TV3_JONKOPING
SWE,O,KARLSBORG,TV3_SKARABORG
SWE,O,GULLSPANG,TV3_SKARABORG
SWE,O,VARA,TV3_SKARABORG
SWE,O,GOTENE,TV3_SKARABORG
SWE,O,TIBRO,TV3_SKARABORG
SWE,O,TOREBODA,TV3_SKARABORG
SWE,O,MARIESTAD,TV3_SKARABORG
SWE,O,LIDKOPING,TV3_SKARABORG
SWE,O,SKARA,TV3_SKARABORG
SWE,O,SKOVDE,TV3_SKARABORG
SWE,O,HJO,TV3_SKARABORG
SWE,O,TIDAHOLM,TV3_SKARABORG
SWE,O,FALKOPING,TV3_SKARABORG
SWE,G,UPPVIDINGE,TV3_SYDOST
SWE,G,LESSEBO,TV3_SYDOST
SWE,G,TINGSRYD,TV3_SYDOST
SWE,G,ALVESTA,TV3_SYDOST
SWE,G,ALMHULT,TV3_SYDOST
SWE,G,VAXJO,TV3_SYDOST
SWE,G,LJUNGBY,TV3_SYDOST
SWE,H,HOGSBY,TV3_SYDOST
SWE,H,TORSAS,TV3_SYDOST
SWE,H,MORBYLANGA,TV3_SYDOST
SWE,H,HULTSFRED,TV3_SYDOST
SWE,H,MONSTERAS,TV3_SYDOST
SWE,H,EMMABODA,TV3_SYDOST
SWE,H,KALMAR,TV3_SYDOST
SWE,H,NYBRO,TV3_SYDOST
SWE,H,OSKARSHAMN,TV3_SYDOST
SWE,H,VASTERVIK,TV3_SYDOST
SWE,H,VIMMERBY,TV3_SYDOST
SWE,H,BORGHOLM,TV3_SYDOST
SWE,K,OLOFSTROM,TV3_SYDOST
SWE,K,KARLSKRONA,TV3_SYDOST
SWE,K,RONNEBY,TV3_SYDOST
SWE,K,KARLSHAMN,TV3_SYDOST
SWE,K,SOLVESBORG,TV3_SYDOST
BRA,SP,AGUAS_DE_LINDOIA,CAMPINAS
BRA,SP,AGUAS_DE_SAO_PEDRO,CAMPINAS
BRA,SP,AMERICANA,CAMPINAS
BRA,SP,AMPARO,CAMPINAS
BRA,SP,ARTUR_NOGUEIRA,CAMPINAS
BRA,SP,CAMPINAS,CAMPINAS
BRA,SP,CAPIVARI,CAMPINAS
BRA,SP,CHARQUEADA,CAMPINAS
BRA,SP,CORDEIROPOLIS,CAMPINAS
BRA,SP,COSMOPOLIS,CAMPINAS
BRA,SP,ELIAS_FAUSTO,CAMPINAS
BRA,SP,ENGENHEIRO_COELHO,CAMPINAS
BRA,SP,ESPIRITO_SANTO_DO_PINHAL,CAMPINAS
BRA,SP,ESTIVA_GERBI,CAMPINAS
BRA,SP,HOLAMBRA,CAMPINAS
BRA,SP,HORTOLANDIA,CAMPINAS
BRA,SP,INDAIATUBA,CAMPINAS
BRA,SP,IPEUNA,CAMPINAS
BRA,SP,IRACEMAPOLIS,CAMPINAS
BRA,SP,ITAPIRA,CAMPINAS
BRA,SP,JAGUARIUNA,CAMPINAS
BRA,SP,LIMEIRA,CAMPINAS
BRA,SP,LINDOIA,CAMPINAS
BRA,SP,LOUVEIRA,CAMPINAS
BRA,SP,MOGI_GUACU,CAMPINAS
BRA,SP,MOGI_MIRIM,CAMPINAS
BRA,SP,MOMBUCA,CAMPINAS
BRA,SP,MONTE_ALEGRE_DO_SUL,CAMPINAS
BRA,SP,MONTE_MOR,CAMPINAS
BRA,SP,MORUNGABA,CAMPINAS
BRA,SP,NOVA_ODESSA,CAMPINAS
BRA,SP,PAULINIA,CAMPINAS
BRA,SP,PEDRA_BELA,CAMPINAS
BRA,SP,PEDREIRA,CAMPINAS
BRA,SP,PINHALZINHO,CAMPINAS
BRA,SP,PIRACICABA,CAMPINAS
BRA,SP,RAFARD,CAMPINAS
BRA,SP,RIO_DAS_PEDRAS,CAMPINAS
BRA,SP,SALTINHO,CAMPINAS
BRA,SP,SANTA_BARBARA_D_OESTE,CAMPINAS
BRA,SP,SANTO_ANTONIO_DE_POSSE,CAMPINAS
BRA,SP,SANTO_ANTONIO_DO_JARDIM,CAMPINAS
BRA,SP,SAO_PEDRO,CAMPINAS
BRA,SP,SERRA_NEGRA,CAMPINAS
BRA,SP,SOCORRO,CAMPINAS
BRA,SP,SUMARE,CAMPINAS
BRA,SP,TUIUTI,CAMPINAS
BRA,SP,VALINHOS,CAMPINAS
BRA,SP,VINHEDO,CAMPINAS
