"","region","neighbors","posa","geo_grain"
"1","BARNSLEY","BARNSLEY","GBR","adju_geo_region_name"
"2","BARNSLEY","DERBYSHIRE","GBR","adju_geo_region_name"
"3","BARNSLEY","DONCASTER","GBR","adju_geo_region_name"
"4","BARNSLEY","KIRKLEES","GBR","adju_geo_region_name"
"5","BARNSLEY","ROTHERHAM","GBR","adju_geo_region_name"
"6","BARNSLEY","SHEFFIELD","GBR","adju_geo_region_name"
"7","BARNSLEY","WAKEFIELD","GBR","adju_geo_region_name"
"8","BATH_AND_NORTH_EAST_SOMERSET","BATH_AND_NORTH_EAST_SOMERSET","GBR","adju_geo_region_name"
"9","BATH_AND_NORTH_EAST_SOMERSET","BRISTOL","GBR","adju_geo_region_name"
"10","BATH_AND_NORTH_EAST_SOMERSET","NORTH_SOMERSET","GBR","adju_geo_region_name"
"11","BATH_AND_NORTH_EAST_SOMERSET","SOMERSET","GBR","adju_geo_region_name"
"12","BATH_AND_NORTH_EAST_SOMERSET","SOUTH_GLOUCESTERSHIRE","GBR","adju_geo_region_name"
"13","BATH_AND_NORTH_EAST_SOMERSET","WILTSHIRE","GBR","adju_geo_region_name"
"14","BEDFORDSHIRE","BEDFORDSHIRE","GBR","adju_geo_region_name"
"15","BEDFORDSHIRE","CAMBRIDGESHIRE","GBR","adju_geo_region_name"
"16","BEDFORDSHIRE","CENTRAL_BEDFORDSHIRE","GBR","adju_geo_region_name"
"17","BEDFORDSHIRE","MILTON_KEYNES","GBR","adju_geo_region_name"
"18","BEDFORDSHIRE","NORTHAMPTONSHIRE","GBR","adju_geo_region_name"
"19","BIRMINGHAM","BIRMINGHAM","GBR","adju_geo_region_name"
"20","BIRMINGHAM","DUDLEY","GBR","adju_geo_region_name"
"21","BIRMINGHAM","SANDWELL","GBR","adju_geo_region_name"
"22","BIRMINGHAM","SOLIHULL","GBR","adju_geo_region_name"
"23","BIRMINGHAM","STAFFORDSHIRE","GBR","adju_geo_region_name"
"24","BIRMINGHAM","WALSALL","GBR","adju_geo_region_name"
"25","BIRMINGHAM","WARWICKSHIRE","GBR","adju_geo_region_name"
"26","BIRMINGHAM","WORCESTERSHIRE","GBR","adju_geo_region_name"
"27","BLACKBURN_WITH_DARWEN","BLACKBURN_WITH_DARWEN","GBR","adju_geo_region_name"
"28","BLACKBURN_WITH_DARWEN","BOLTON","GBR","adju_geo_region_name"
"29","BLACKBURN_WITH_DARWEN","BURY","GBR","adju_geo_region_name"
"30","BLACKBURN_WITH_DARWEN","LANCASHIRE","GBR","adju_geo_region_name"
"31","BLACKPOOL","BLACKPOOL","GBR","adju_geo_region_name"
"32","BLACKPOOL","LANCASHIRE","GBR","adju_geo_region_name"
"33","BOLTON","BLACKBURN_WITH_DARWEN","GBR","adju_geo_region_name"
"34","BOLTON","BOLTON","GBR","adju_geo_region_name"
"35","BOLTON","BURY","GBR","adju_geo_region_name"
"36","BOLTON","LANCASHIRE","GBR","adju_geo_region_name"
"37","BOLTON","SALFORD","GBR","adju_geo_region_name"
"38","BOLTON","WIGAN","GBR","adju_geo_region_name"
"39","BOURNEMOUTH","BOURNEMOUTH","GBR","adju_geo_region_name"
"40","BOURNEMOUTH","DORSET","GBR","adju_geo_region_name"
"41","BOURNEMOUTH","POOLE","GBR","adju_geo_region_name"
"42","BRACKNELL_FOREST","BRACKNELL_FOREST","GBR","adju_geo_region_name"
"43","BRACKNELL_FOREST","HAMPSHIRE","GBR","adju_geo_region_name"
"44","BRACKNELL_FOREST","SURREY","GBR","adju_geo_region_name"
"45","BRACKNELL_FOREST","WINDSOR_AND_MAIDENHEAD","GBR","adju_geo_region_name"
"46","BRACKNELL_FOREST","WOKINGHAM","GBR","adju_geo_region_name"
"47","BRADFORD","BRADFORD","GBR","adju_geo_region_name"
"48","BRADFORD","CALDERDALE","GBR","adju_geo_region_name"
"49","BRADFORD","KIRKLEES","GBR","adju_geo_region_name"
"50","BRADFORD","LANCASHIRE","GBR","adju_geo_region_name"
"51","BRADFORD","LEEDS","GBR","adju_geo_region_name"
"52","BRADFORD","NORTH_YORKSHIRE","GBR","adju_geo_region_name"
"53","BRIGHTON_AND_HOVE","BRIGHTON_AND_HOVE","GBR","adju_geo_region_name"
"54","BRIGHTON_AND_HOVE","EAST_SUSSEX","GBR","adju_geo_region_name"
"55","BRIGHTON_AND_HOVE","WEST_SUSSEX","GBR","adju_geo_region_name"
"56","BRISTOL","BATH_AND_NORTH_EAST_SOMERSET","GBR","adju_geo_region_name"
"57","BRISTOL","BRISTOL","GBR","adju_geo_region_name"
"58","BRISTOL","NORTH_SOMERSET","GBR","adju_geo_region_name"
"59","BRISTOL","SOUTH_GLOUCESTERSHIRE","GBR","adju_geo_region_name"
"60","BUCKINGHAMSHIRE","BUCKINGHAMSHIRE","GBR","adju_geo_region_name"
"61","BUCKINGHAMSHIRE","CENTRAL_BEDFORDSHIRE","GBR","adju_geo_region_name"
"62","BUCKINGHAMSHIRE","LONDON","GBR","adju_geo_region_name"
"63","BUCKINGHAMSHIRE","HERTFORDSHIRE","GBR","adju_geo_region_name"
"64","BUCKINGHAMSHIRE","MILTON_KEYNES","GBR","adju_geo_region_name"
"65","BUCKINGHAMSHIRE","NORTHAMPTONSHIRE","GBR","adju_geo_region_name"
"66","BUCKINGHAMSHIRE","OXFORDSHIRE","GBR","adju_geo_region_name"
"67","BUCKINGHAMSHIRE","SLOUGH","GBR","adju_geo_region_name"
"68","BUCKINGHAMSHIRE","WINDSOR_AND_MAIDENHEAD","GBR","adju_geo_region_name"
"69","BUCKINGHAMSHIRE","WOKINGHAM","GBR","adju_geo_region_name"
"70","BURY","BLACKBURN_WITH_DARWEN","GBR","adju_geo_region_name"
"71","BURY","BOLTON","GBR","adju_geo_region_name"
"72","BURY","BURY","GBR","adju_geo_region_name"
"73","BURY","LANCASHIRE","GBR","adju_geo_region_name"
"74","BURY","MANCHESTER","GBR","adju_geo_region_name"
"75","BURY","ROCHDALE","GBR","adju_geo_region_name"
"76","BURY","SALFORD","GBR","adju_geo_region_name"
"77","CALDERDALE","BRADFORD","GBR","adju_geo_region_name"
"78","CALDERDALE","CALDERDALE","GBR","adju_geo_region_name"
"79","CALDERDALE","KIRKLEES","GBR","adju_geo_region_name"
"80","CALDERDALE","LANCASHIRE","GBR","adju_geo_region_name"
"81","CALDERDALE","OLDHAM","GBR","adju_geo_region_name"
"82","CALDERDALE","ROCHDALE","GBR","adju_geo_region_name"
"83","CAMBRIDGESHIRE","BEDFORDSHIRE","GBR","adju_geo_region_name"
"84","CAMBRIDGESHIRE","CAMBRIDGESHIRE","GBR","adju_geo_region_name"
"85","CAMBRIDGESHIRE","CENTRAL_BEDFORDSHIRE","GBR","adju_geo_region_name"
"86","CAMBRIDGESHIRE","ESSEX","GBR","adju_geo_region_name"
"87","CAMBRIDGESHIRE","HERTFORDSHIRE","GBR","adju_geo_region_name"
"88","CAMBRIDGESHIRE","LINCOLNSHIRE","GBR","adju_geo_region_name"
"89","CAMBRIDGESHIRE","NORFOLK","GBR","adju_geo_region_name"
"90","CAMBRIDGESHIRE","NORTHAMPTONSHIRE","GBR","adju_geo_region_name"
"91","CAMBRIDGESHIRE","PETERBOROUGH","GBR","adju_geo_region_name"
"92","CAMBRIDGESHIRE","SUFFOLK","GBR","adju_geo_region_name"
"93","CENTRAL_BEDFORDSHIRE","BEDFORDSHIRE","GBR","adju_geo_region_name"
"94","CENTRAL_BEDFORDSHIRE","BUCKINGHAMSHIRE","GBR","adju_geo_region_name"
"95","CENTRAL_BEDFORDSHIRE","CAMBRIDGESHIRE","GBR","adju_geo_region_name"
"96","CENTRAL_BEDFORDSHIRE","CENTRAL_BEDFORDSHIRE","GBR","adju_geo_region_name"
"97","CENTRAL_BEDFORDSHIRE","HERTFORDSHIRE","GBR","adju_geo_region_name"
"98","CENTRAL_BEDFORDSHIRE","LUTON","GBR","adju_geo_region_name"
"99","CENTRAL_BEDFORDSHIRE","MILTON_KEYNES","GBR","adju_geo_region_name"
"100","CHESHIRE_EAST","CHESHIRE_EAST","GBR","adju_geo_region_name"
"101","CHESHIRE_EAST","CHESHIRE_WEST_AND_CHESTER","GBR","adju_geo_region_name"
"102","CHESHIRE_EAST","DERBYSHIRE","GBR","adju_geo_region_name"
"103","CHESHIRE_EAST","MANCHESTER","GBR","adju_geo_region_name"
"104","CHESHIRE_EAST","SHROPSHIRE","GBR","adju_geo_region_name"
"105","CHESHIRE_EAST","STAFFORDSHIRE","GBR","adju_geo_region_name"
"106","CHESHIRE_EAST","STOCKPORT","GBR","adju_geo_region_name"
"107","CHESHIRE_EAST","TRAFFORD","GBR","adju_geo_region_name"
"108","CHESHIRE_EAST","WARRINGTON","GBR","adju_geo_region_name"
"109","CHESHIRE_WEST_AND_CHESTER","CHESHIRE_EAST","GBR","adju_geo_region_name"
"110","CHESHIRE_WEST_AND_CHESTER","CHESHIRE_WEST_AND_CHESTER","GBR","adju_geo_region_name"
"111","CHESHIRE_WEST_AND_CHESTER","HALTON","GBR","adju_geo_region_name"
"112","CHESHIRE_WEST_AND_CHESTER","SHROPSHIRE","GBR","adju_geo_region_name"
"113","CHESHIRE_WEST_AND_CHESTER","WARRINGTON","GBR","adju_geo_region_name"
"114","CHESHIRE_WEST_AND_CHESTER","WIRRAL","GBR","adju_geo_region_name"
"115","CHESHIRE_WEST_AND_CHESTER","FLINTSHIRE","GBR","adju_geo_region_name"
"116","CHESHIRE_WEST_AND_CHESTER","WREXHAM","GBR","adju_geo_region_name"
"117","CORNWALL","CORNWALL","GBR","adju_geo_region_name"
"118","CORNWALL","DEVON","GBR","adju_geo_region_name"
"119","COVENTRY","COVENTRY","GBR","adju_geo_region_name"
"120","COVENTRY","SOLIHULL","GBR","adju_geo_region_name"
"121","COVENTRY","WARWICKSHIRE","GBR","adju_geo_region_name"
"122","CUMBRIA","CUMBRIA","GBR","adju_geo_region_name"
"123","CUMBRIA","DURHAM","GBR","adju_geo_region_name"
"124","CUMBRIA","LANCASHIRE","GBR","adju_geo_region_name"
"125","CUMBRIA","NORTH_YORKSHIRE","GBR","adju_geo_region_name"
"126","CUMBRIA","NORTHUMBERLAND","GBR","adju_geo_region_name"
"127","CUMBRIA","DUMFRIES_AND_GALLOWAY","GBR","adju_geo_region_name"
"128","CUMBRIA","SCOTTISH_BORDERS","GBR","adju_geo_region_name"
"129","DARLINGTON","DARLINGTON","GBR","adju_geo_region_name"
"130","DARLINGTON","DURHAM","GBR","adju_geo_region_name"
"131","DARLINGTON","NORTH_YORKSHIRE","GBR","adju_geo_region_name"
"132","DARLINGTON","STOCKTON_ON_TEES","GBR","adju_geo_region_name"
"133","DERBY","DERBY","GBR","adju_geo_region_name"
"134","DERBY","DERBYSHIRE","GBR","adju_geo_region_name"
"135","DERBYSHIRE","BARNSLEY","GBR","adju_geo_region_name"
"136","DERBYSHIRE","CHESHIRE_EAST","GBR","adju_geo_region_name"
"137","DERBYSHIRE","DERBY","GBR","adju_geo_region_name"
"138","DERBYSHIRE","DERBYSHIRE","GBR","adju_geo_region_name"
"139","DERBYSHIRE","KIRKLEES","GBR","adju_geo_region_name"
"140","DERBYSHIRE","LEICESTERSHIRE","GBR","adju_geo_region_name"
"141","DERBYSHIRE","NOTTINGHAMSHIRE","GBR","adju_geo_region_name"
"142","DERBYSHIRE","OLDHAM","GBR","adju_geo_region_name"
"143","DERBYSHIRE","ROTHERHAM","GBR","adju_geo_region_name"
"144","DERBYSHIRE","SHEFFIELD","GBR","adju_geo_region_name"
"145","DERBYSHIRE","STAFFORDSHIRE","GBR","adju_geo_region_name"
"146","DERBYSHIRE","STOCKPORT","GBR","adju_geo_region_name"
"147","DERBYSHIRE","TAMESIDE","GBR","adju_geo_region_name"
"148","DERBYSHIRE","WARWICKSHIRE","GBR","adju_geo_region_name"
"149","DEVON","CORNWALL","GBR","adju_geo_region_name"
"150","DEVON","DEVON","GBR","adju_geo_region_name"
"151","DEVON","DORSET","GBR","adju_geo_region_name"
"152","DEVON","PLYMOUTH","GBR","adju_geo_region_name"
"153","DEVON","SOMERSET","GBR","adju_geo_region_name"
"154","DEVON","TORBAY","GBR","adju_geo_region_name"
"155","DONCASTER","BARNSLEY","GBR","adju_geo_region_name"
"156","DONCASTER","DONCASTER","GBR","adju_geo_region_name"
"157","DONCASTER","EAST_RIDING_OF_YORKSHIRE","GBR","adju_geo_region_name"
"158","DONCASTER","NORTH_LINCOLNSHIRE","GBR","adju_geo_region_name"
"159","DONCASTER","NORTH_YORKSHIRE","GBR","adju_geo_region_name"
"160","DONCASTER","NOTTINGHAMSHIRE","GBR","adju_geo_region_name"
"161","DONCASTER","ROTHERHAM","GBR","adju_geo_region_name"
"162","DONCASTER","WAKEFIELD","GBR","adju_geo_region_name"
"163","DORSET","BOURNEMOUTH","GBR","adju_geo_region_name"
"164","DORSET","DEVON","GBR","adju_geo_region_name"
"165","DORSET","DORSET","GBR","adju_geo_region_name"
"166","DORSET","HAMPSHIRE","GBR","adju_geo_region_name"
"167","DORSET","POOLE","GBR","adju_geo_region_name"
"168","DORSET","SOMERSET","GBR","adju_geo_region_name"
"169","DORSET","WILTSHIRE","GBR","adju_geo_region_name"
"170","DUDLEY","BIRMINGHAM","GBR","adju_geo_region_name"
"171","DUDLEY","DUDLEY","GBR","adju_geo_region_name"
"172","DUDLEY","SANDWELL","GBR","adju_geo_region_name"
"173","DUDLEY","STAFFORDSHIRE","GBR","adju_geo_region_name"
"174","DUDLEY","WALSALL","GBR","adju_geo_region_name"
"175","DUDLEY","WOLVERHAMPTON","GBR","adju_geo_region_name"
"176","DUDLEY","WORCESTERSHIRE","GBR","adju_geo_region_name"
"177","DURHAM","CUMBRIA","GBR","adju_geo_region_name"
"178","DURHAM","DARLINGTON","GBR","adju_geo_region_name"
"179","DURHAM","DURHAM","GBR","adju_geo_region_name"
"180","DURHAM","GATESHEAD","GBR","adju_geo_region_name"
"181","DURHAM","HARTLEPOOL","GBR","adju_geo_region_name"
"182","DURHAM","NORTH_YORKSHIRE","GBR","adju_geo_region_name"
"183","DURHAM","NORTHUMBERLAND","GBR","adju_geo_region_name"
"184","DURHAM","STOCKTON_ON_TEES","GBR","adju_geo_region_name"
"185","DURHAM","SUNDERLAND","GBR","adju_geo_region_name"
"186","EAST_RIDING_OF_YORKSHIRE","DONCASTER","GBR","adju_geo_region_name"
"187","EAST_RIDING_OF_YORKSHIRE","EAST_RIDING_OF_YORKSHIRE","GBR","adju_geo_region_name"
"188","EAST_RIDING_OF_YORKSHIRE","KINGSTON_UPON_HULL","GBR","adju_geo_region_name"
"189","EAST_RIDING_OF_YORKSHIRE","NORTH_LINCOLNSHIRE","GBR","adju_geo_region_name"
"190","EAST_RIDING_OF_YORKSHIRE","NORTH_YORKSHIRE","GBR","adju_geo_region_name"
"191","EAST_RIDING_OF_YORKSHIRE","YORK","GBR","adju_geo_region_name"
"192","EAST_SUSSEX","BRIGHTON_AND_HOVE","GBR","adju_geo_region_name"
"193","EAST_SUSSEX","EAST_SUSSEX","GBR","adju_geo_region_name"
"194","EAST_SUSSEX","KENT","GBR","adju_geo_region_name"
"195","EAST_SUSSEX","SURREY","GBR","adju_geo_region_name"
"196","EAST_SUSSEX","WEST_SUSSEX","GBR","adju_geo_region_name"
"197","ESSEX","CAMBRIDGESHIRE","GBR","adju_geo_region_name"
"198","ESSEX","ESSEX","GBR","adju_geo_region_name"
"199","ESSEX","LONDON","GBR","adju_geo_region_name"
"200","ESSEX","HERTFORDSHIRE","GBR","adju_geo_region_name"
"201","ESSEX","SOUTHEND_ON_SEA","GBR","adju_geo_region_name"
"202","ESSEX","SUFFOLK","GBR","adju_geo_region_name"
"203","ESSEX","THURROCK","GBR","adju_geo_region_name"
"204","GATESHEAD","DURHAM","GBR","adju_geo_region_name"
"205","GATESHEAD","GATESHEAD","GBR","adju_geo_region_name"
"206","GATESHEAD","NEWCASTLE_UPON_TYNE","GBR","adju_geo_region_name"
"207","GATESHEAD","NORTHUMBERLAND","GBR","adju_geo_region_name"
"208","GATESHEAD","SOUTH_TYNESIDE","GBR","adju_geo_region_name"
"209","GATESHEAD","SUNDERLAND","GBR","adju_geo_region_name"
"210","GLOUCESTERSHIRE","GLOUCESTERSHIRE","GBR","adju_geo_region_name"
"211","GLOUCESTERSHIRE","HEREFORDSHIRE","GBR","adju_geo_region_name"
"212","GLOUCESTERSHIRE","OXFORDSHIRE","GBR","adju_geo_region_name"
"213","GLOUCESTERSHIRE","SOUTH_GLOUCESTERSHIRE","GBR","adju_geo_region_name"
"214","GLOUCESTERSHIRE","SWINDON","GBR","adju_geo_region_name"
"215","GLOUCESTERSHIRE","WARWICKSHIRE","GBR","adju_geo_region_name"
"216","GLOUCESTERSHIRE","WILTSHIRE","GBR","adju_geo_region_name"
"217","GLOUCESTERSHIRE","WORCESTERSHIRE","GBR","adju_geo_region_name"
"218","GLOUCESTERSHIRE","MONMOUTHSHIRE","GBR","adju_geo_region_name"
"219","LONDON","BUCKINGHAMSHIRE","GBR","adju_geo_region_name"
"220","LONDON","ESSEX","GBR","adju_geo_region_name"
"221","LONDON","LONDON","GBR","adju_geo_region_name"
"222","LONDON","HERTFORDSHIRE","GBR","adju_geo_region_name"
"223","LONDON","KENT","GBR","adju_geo_region_name"
"224","LONDON","SLOUGH","GBR","adju_geo_region_name"
"225","LONDON","SURREY","GBR","adju_geo_region_name"
"226","LONDON","THURROCK","GBR","adju_geo_region_name"
"227","HALTON","CHESHIRE_WEST_AND_CHESTER","GBR","adju_geo_region_name"
"228","HALTON","HALTON","GBR","adju_geo_region_name"
"229","HALTON","KNOWSLEY","GBR","adju_geo_region_name"
"230","HALTON","ST_HELENS","GBR","adju_geo_region_name"
"231","HALTON","SEFTON","GBR","adju_geo_region_name"
"232","HALTON","WARRINGTON","GBR","adju_geo_region_name"
"233","HAMPSHIRE","BRACKNELL_FOREST","GBR","adju_geo_region_name"
"234","HAMPSHIRE","DORSET","GBR","adju_geo_region_name"
"235","HAMPSHIRE","HAMPSHIRE","GBR","adju_geo_region_name"
"236","HAMPSHIRE","PORTSMOUTH","GBR","adju_geo_region_name"
"237","HAMPSHIRE","SOUTHAMPTON","GBR","adju_geo_region_name"
"238","HAMPSHIRE","SURREY","GBR","adju_geo_region_name"
"239","HAMPSHIRE","WEST_BERKSHIRE","GBR","adju_geo_region_name"
"240","HAMPSHIRE","WEST_SUSSEX","GBR","adju_geo_region_name"
"241","HAMPSHIRE","WILTSHIRE","GBR","adju_geo_region_name"
"242","HAMPSHIRE","WOKINGHAM","GBR","adju_geo_region_name"
"243","HARTLEPOOL","DURHAM","GBR","adju_geo_region_name"
"244","HARTLEPOOL","HARTLEPOOL","GBR","adju_geo_region_name"
"245","HARTLEPOOL","STOCKTON_ON_TEES","GBR","adju_geo_region_name"
"246","HEREFORDSHIRE","GLOUCESTERSHIRE","GBR","adju_geo_region_name"
"247","HEREFORDSHIRE","HEREFORDSHIRE","GBR","adju_geo_region_name"
"248","HEREFORDSHIRE","SHROPSHIRE","GBR","adju_geo_region_name"
"249","HEREFORDSHIRE","WORCESTERSHIRE","GBR","adju_geo_region_name"
"250","HEREFORDSHIRE","MONMOUTHSHIRE","GBR","adju_geo_region_name"
"251","HEREFORDSHIRE","POWYS","GBR","adju_geo_region_name"
"252","HERTFORDSHIRE","BUCKINGHAMSHIRE","GBR","adju_geo_region_name"
"253","HERTFORDSHIRE","CAMBRIDGESHIRE","GBR","adju_geo_region_name"
"254","HERTFORDSHIRE","CENTRAL_BEDFORDSHIRE","GBR","adju_geo_region_name"
"255","HERTFORDSHIRE","ESSEX","GBR","adju_geo_region_name"
"256","HERTFORDSHIRE","LONDON","GBR","adju_geo_region_name"
"257","HERTFORDSHIRE","HERTFORDSHIRE","GBR","adju_geo_region_name"
"258","HERTFORDSHIRE","LUTON","GBR","adju_geo_region_name"
"259","ISLE_OF_WIGHT","ISLE_OF_WIGHT","GBR","adju_geo_region_name"
"260","ISLES_OF_SCILLY","ISLES_OF_SCILLY","GBR","adju_geo_region_name"
"261","KENT","EAST_SUSSEX","GBR","adju_geo_region_name"
"262","KENT","LONDON","GBR","adju_geo_region_name"
"263","KENT","KENT","GBR","adju_geo_region_name"
"264","KENT","MEDWAY","GBR","adju_geo_region_name"
"265","KENT","SURREY","GBR","adju_geo_region_name"
"266","KENT","THURROCK","GBR","adju_geo_region_name"
"267","KINGSTON_UPON_HULL","EAST_RIDING_OF_YORKSHIRE","GBR","adju_geo_region_name"
"268","KINGSTON_UPON_HULL","KINGSTON_UPON_HULL","GBR","adju_geo_region_name"
"269","KIRKLEES","BARNSLEY","GBR","adju_geo_region_name"
"270","KIRKLEES","BRADFORD","GBR","adju_geo_region_name"
"271","KIRKLEES","CALDERDALE","GBR","adju_geo_region_name"
"272","KIRKLEES","DERBYSHIRE","GBR","adju_geo_region_name"
"273","KIRKLEES","KIRKLEES","GBR","adju_geo_region_name"
"274","KIRKLEES","LEEDS","GBR","adju_geo_region_name"
"275","KIRKLEES","OLDHAM","GBR","adju_geo_region_name"
"276","KIRKLEES","WAKEFIELD","GBR","adju_geo_region_name"
"277","KNOWSLEY","HALTON","GBR","adju_geo_region_name"
"278","KNOWSLEY","KNOWSLEY","GBR","adju_geo_region_name"
"279","KNOWSLEY","LANCASHIRE","GBR","adju_geo_region_name"
"280","KNOWSLEY","ST_HELENS","GBR","adju_geo_region_name"
"281","KNOWSLEY","SEFTON","GBR","adju_geo_region_name"
"282","LANCASHIRE","BLACKBURN_WITH_DARWEN","GBR","adju_geo_region_name"
"283","LANCASHIRE","BLACKPOOL","GBR","adju_geo_region_name"
"284","LANCASHIRE","BOLTON","GBR","adju_geo_region_name"
"285","LANCASHIRE","BRADFORD","GBR","adju_geo_region_name"
"286","LANCASHIRE","BURY","GBR","adju_geo_region_name"
"287","LANCASHIRE","CALDERDALE","GBR","adju_geo_region_name"
"288","LANCASHIRE","CUMBRIA","GBR","adju_geo_region_name"
"289","LANCASHIRE","KNOWSLEY","GBR","adju_geo_region_name"
"290","LANCASHIRE","LANCASHIRE","GBR","adju_geo_region_name"
"291","LANCASHIRE","NORTH_YORKSHIRE","GBR","adju_geo_region_name"
"292","LANCASHIRE","ROCHDALE","GBR","adju_geo_region_name"
"293","LANCASHIRE","ST_HELENS","GBR","adju_geo_region_name"
"294","LANCASHIRE","SEFTON","GBR","adju_geo_region_name"
"295","LANCASHIRE","WIGAN","GBR","adju_geo_region_name"
"296","LEEDS","BRADFORD","GBR","adju_geo_region_name"
"297","LEEDS","KIRKLEES","GBR","adju_geo_region_name"
"298","LEEDS","LEEDS","GBR","adju_geo_region_name"
"299","LEEDS","NORTH_YORKSHIRE","GBR","adju_geo_region_name"
"300","LEEDS","WAKEFIELD","GBR","adju_geo_region_name"
"301","LEICESTER","LEICESTER","GBR","adju_geo_region_name"
"302","LEICESTER","LEICESTERSHIRE","GBR","adju_geo_region_name"
"303","LEICESTERSHIRE","DERBYSHIRE","GBR","adju_geo_region_name"
"304","LEICESTERSHIRE","LEICESTER","GBR","adju_geo_region_name"
"305","LEICESTERSHIRE","LEICESTERSHIRE","GBR","adju_geo_region_name"
"306","LEICESTERSHIRE","LINCOLNSHIRE","GBR","adju_geo_region_name"
"307","LEICESTERSHIRE","NORTHAMPTONSHIRE","GBR","adju_geo_region_name"
"308","LEICESTERSHIRE","NOTTINGHAMSHIRE","GBR","adju_geo_region_name"
"309","LEICESTERSHIRE","RUTLAND","GBR","adju_geo_region_name"
"310","LEICESTERSHIRE","WARWICKSHIRE","GBR","adju_geo_region_name"
"311","LINCOLNSHIRE","CAMBRIDGESHIRE","GBR","adju_geo_region_name"
"312","LINCOLNSHIRE","LEICESTERSHIRE","GBR","adju_geo_region_name"
"313","LINCOLNSHIRE","LINCOLNSHIRE","GBR","adju_geo_region_name"
"314","LINCOLNSHIRE","NORTH_LINCOLNSHIRE","GBR","adju_geo_region_name"
"315","LINCOLNSHIRE","NORTHAMPTONSHIRE","GBR","adju_geo_region_name"
"316","LINCOLNSHIRE","NOTTINGHAMSHIRE","GBR","adju_geo_region_name"
"317","LINCOLNSHIRE","PETERBOROUGH","GBR","adju_geo_region_name"
"318","LINCOLNSHIRE","RUTLAND","GBR","adju_geo_region_name"
"319","LUTON","CENTRAL_BEDFORDSHIRE","GBR","adju_geo_region_name"
"320","LUTON","HERTFORDSHIRE","GBR","adju_geo_region_name"
"321","LUTON","LUTON","GBR","adju_geo_region_name"
"322","MANCHESTER","BURY","GBR","adju_geo_region_name"
"323","MANCHESTER","CHESHIRE_EAST","GBR","adju_geo_region_name"
"324","MANCHESTER","MANCHESTER","GBR","adju_geo_region_name"
"325","MANCHESTER","OLDHAM","GBR","adju_geo_region_name"
"326","MANCHESTER","ROCHDALE","GBR","adju_geo_region_name"
"327","MANCHESTER","SALFORD","GBR","adju_geo_region_name"
"328","MANCHESTER","STOCKPORT","GBR","adju_geo_region_name"
"329","MANCHESTER","TAMESIDE","GBR","adju_geo_region_name"
"330","MANCHESTER","TRAFFORD","GBR","adju_geo_region_name"
"331","MEDWAY","KENT","GBR","adju_geo_region_name"
"332","MEDWAY","MEDWAY","GBR","adju_geo_region_name"
"333","MIDDLESBROUGH","MIDDLESBROUGH","GBR","adju_geo_region_name"
"334","MIDDLESBROUGH","NORTH_YORKSHIRE","GBR","adju_geo_region_name"
"335","MIDDLESBROUGH","REDCAR_AND_CLEVELAND","GBR","adju_geo_region_name"
"336","MIDDLESBROUGH","STOCKTON_ON_TEES","GBR","adju_geo_region_name"
"337","MILTON_KEYNES","BEDFORDSHIRE","GBR","adju_geo_region_name"
"338","MILTON_KEYNES","BUCKINGHAMSHIRE","GBR","adju_geo_region_name"
"339","MILTON_KEYNES","CENTRAL_BEDFORDSHIRE","GBR","adju_geo_region_name"
"340","MILTON_KEYNES","MILTON_KEYNES","GBR","adju_geo_region_name"
"341","MILTON_KEYNES","NORTHAMPTONSHIRE","GBR","adju_geo_region_name"
"342","NEWCASTLE_UPON_TYNE","GATESHEAD","GBR","adju_geo_region_name"
"343","NEWCASTLE_UPON_TYNE","NEWCASTLE_UPON_TYNE","GBR","adju_geo_region_name"
"344","NEWCASTLE_UPON_TYNE","NORTH_TYNESIDE","GBR","adju_geo_region_name"
"345","NEWCASTLE_UPON_TYNE","NORTHUMBERLAND","GBR","adju_geo_region_name"
"346","NEWCASTLE_UPON_TYNE","SOUTH_TYNESIDE","GBR","adju_geo_region_name"
"347","NORFOLK","CAMBRIDGESHIRE","GBR","adju_geo_region_name"
"348","NORFOLK","NORFOLK","GBR","adju_geo_region_name"
"349","NORFOLK","SUFFOLK","GBR","adju_geo_region_name"
"350","NORTH_LINCOLNSHIRE","DONCASTER","GBR","adju_geo_region_name"
"351","NORTH_LINCOLNSHIRE","EAST_RIDING_OF_YORKSHIRE","GBR","adju_geo_region_name"
"352","NORTH_LINCOLNSHIRE","LINCOLNSHIRE","GBR","adju_geo_region_name"
"353","NORTH_LINCOLNSHIRE","NORTH_LINCOLNSHIRE","GBR","adju_geo_region_name"
"354","NORTH_LINCOLNSHIRE","NOTTINGHAMSHIRE","GBR","adju_geo_region_name"
"355","NORTH_SOMERSET","BATH_AND_NORTH_EAST_SOMERSET","GBR","adju_geo_region_name"
"356","NORTH_SOMERSET","BRISTOL","GBR","adju_geo_region_name"
"357","NORTH_SOMERSET","NORTH_SOMERSET","GBR","adju_geo_region_name"
"358","NORTH_SOMERSET","SOMERSET","GBR","adju_geo_region_name"
"359","NORTH_TYNESIDE","NEWCASTLE_UPON_TYNE","GBR","adju_geo_region_name"
"360","NORTH_TYNESIDE","NORTH_TYNESIDE","GBR","adju_geo_region_name"
"361","NORTH_TYNESIDE","NORTHUMBERLAND","GBR","adju_geo_region_name"
"362","NORTH_TYNESIDE","SOUTH_TYNESIDE","GBR","adju_geo_region_name"
"363","NORTH_YORKSHIRE","BRADFORD","GBR","adju_geo_region_name"
"364","NORTH_YORKSHIRE","CUMBRIA","GBR","adju_geo_region_name"
"365","NORTH_YORKSHIRE","DARLINGTON","GBR","adju_geo_region_name"
"366","NORTH_YORKSHIRE","DONCASTER","GBR","adju_geo_region_name"
"367","NORTH_YORKSHIRE","DURHAM","GBR","adju_geo_region_name"
"368","NORTH_YORKSHIRE","EAST_RIDING_OF_YORKSHIRE","GBR","adju_geo_region_name"
"369","NORTH_YORKSHIRE","LANCASHIRE","GBR","adju_geo_region_name"
"370","NORTH_YORKSHIRE","LEEDS","GBR","adju_geo_region_name"
"371","NORTH_YORKSHIRE","MIDDLESBROUGH","GBR","adju_geo_region_name"
"372","NORTH_YORKSHIRE","NORTH_YORKSHIRE","GBR","adju_geo_region_name"
"373","NORTH_YORKSHIRE","REDCAR_AND_CLEVELAND","GBR","adju_geo_region_name"
"374","NORTH_YORKSHIRE","STOCKTON_ON_TEES","GBR","adju_geo_region_name"
"375","NORTH_YORKSHIRE","WAKEFIELD","GBR","adju_geo_region_name"
"376","NORTH_YORKSHIRE","YORK","GBR","adju_geo_region_name"
"377","NORTHAMPTONSHIRE","BEDFORDSHIRE","GBR","adju_geo_region_name"
"378","NORTHAMPTONSHIRE","BUCKINGHAMSHIRE","GBR","adju_geo_region_name"
"379","NORTHAMPTONSHIRE","CAMBRIDGESHIRE","GBR","adju_geo_region_name"
"380","NORTHAMPTONSHIRE","LEICESTERSHIRE","GBR","adju_geo_region_name"
"381","NORTHAMPTONSHIRE","LINCOLNSHIRE","GBR","adju_geo_region_name"
"382","NORTHAMPTONSHIRE","MILTON_KEYNES","GBR","adju_geo_region_name"
"383","NORTHAMPTONSHIRE","NORTHAMPTONSHIRE","GBR","adju_geo_region_name"
"384","NORTHAMPTONSHIRE","OXFORDSHIRE","GBR","adju_geo_region_name"
"385","NORTHAMPTONSHIRE","PETERBOROUGH","GBR","adju_geo_region_name"
"386","NORTHAMPTONSHIRE","RUTLAND","GBR","adju_geo_region_name"
"387","NORTHAMPTONSHIRE","WARWICKSHIRE","GBR","adju_geo_region_name"
"388","NORTHUMBERLAND","CUMBRIA","GBR","adju_geo_region_name"
"389","NORTHUMBERLAND","DURHAM","GBR","adju_geo_region_name"
"390","NORTHUMBERLAND","GATESHEAD","GBR","adju_geo_region_name"
"391","NORTHUMBERLAND","NEWCASTLE_UPON_TYNE","GBR","adju_geo_region_name"
"392","NORTHUMBERLAND","NORTH_TYNESIDE","GBR","adju_geo_region_name"
"393","NORTHUMBERLAND","NORTHUMBERLAND","GBR","adju_geo_region_name"
"394","NORTHUMBERLAND","SCOTTISH_BORDERS","GBR","adju_geo_region_name"
"395","NOTTINGHAM","NOTTINGHAM","GBR","adju_geo_region_name"
"396","NOTTINGHAM","NOTTINGHAMSHIRE","GBR","adju_geo_region_name"
"397","NOTTINGHAMSHIRE","DERBYSHIRE","GBR","adju_geo_region_name"
"398","NOTTINGHAMSHIRE","DONCASTER","GBR","adju_geo_region_name"
"399","NOTTINGHAMSHIRE","LEICESTERSHIRE","GBR","adju_geo_region_name"
"400","NOTTINGHAMSHIRE","LINCOLNSHIRE","GBR","adju_geo_region_name"
"401","NOTTINGHAMSHIRE","NORTH_LINCOLNSHIRE","GBR","adju_geo_region_name"
"402","NOTTINGHAMSHIRE","NOTTINGHAM","GBR","adju_geo_region_name"
"403","NOTTINGHAMSHIRE","NOTTINGHAMSHIRE","GBR","adju_geo_region_name"
"404","NOTTINGHAMSHIRE","ROTHERHAM","GBR","adju_geo_region_name"
"405","OLDHAM","CALDERDALE","GBR","adju_geo_region_name"
"406","OLDHAM","DERBYSHIRE","GBR","adju_geo_region_name"
"407","OLDHAM","KIRKLEES","GBR","adju_geo_region_name"
"408","OLDHAM","MANCHESTER","GBR","adju_geo_region_name"
"409","OLDHAM","OLDHAM","GBR","adju_geo_region_name"
"410","OLDHAM","ROCHDALE","GBR","adju_geo_region_name"
"411","OLDHAM","TAMESIDE","GBR","adju_geo_region_name"
"412","OXFORDSHIRE","BUCKINGHAMSHIRE","GBR","adju_geo_region_name"
"413","OXFORDSHIRE","GLOUCESTERSHIRE","GBR","adju_geo_region_name"
"414","OXFORDSHIRE","NORTHAMPTONSHIRE","GBR","adju_geo_region_name"
"415","OXFORDSHIRE","OXFORDSHIRE","GBR","adju_geo_region_name"
"416","OXFORDSHIRE","READING","GBR","adju_geo_region_name"
"417","OXFORDSHIRE","SWINDON","GBR","adju_geo_region_name"
"418","OXFORDSHIRE","WARWICKSHIRE","GBR","adju_geo_region_name"
"419","OXFORDSHIRE","WEST_BERKSHIRE","GBR","adju_geo_region_name"
"420","OXFORDSHIRE","WILTSHIRE","GBR","adju_geo_region_name"
"421","OXFORDSHIRE","WOKINGHAM","GBR","adju_geo_region_name"
"422","PETERBOROUGH","CAMBRIDGESHIRE","GBR","adju_geo_region_name"
"423","PETERBOROUGH","LINCOLNSHIRE","GBR","adju_geo_region_name"
"424","PETERBOROUGH","NORTHAMPTONSHIRE","GBR","adju_geo_region_name"
"425","PETERBOROUGH","PETERBOROUGH","GBR","adju_geo_region_name"
"426","PLYMOUTH","DEVON","GBR","adju_geo_region_name"
"427","PLYMOUTH","PLYMOUTH","GBR","adju_geo_region_name"
"428","POOLE","BOURNEMOUTH","GBR","adju_geo_region_name"
"429","POOLE","DORSET","GBR","adju_geo_region_name"
"430","POOLE","POOLE","GBR","adju_geo_region_name"
"431","PORTSMOUTH","HAMPSHIRE","GBR","adju_geo_region_name"
"432","PORTSMOUTH","PORTSMOUTH","GBR","adju_geo_region_name"
"433","READING","OXFORDSHIRE","GBR","adju_geo_region_name"
"434","READING","READING","GBR","adju_geo_region_name"
"435","READING","WEST_BERKSHIRE","GBR","adju_geo_region_name"
"436","READING","WOKINGHAM","GBR","adju_geo_region_name"
"437","REDCAR_AND_CLEVELAND","MIDDLESBROUGH","GBR","adju_geo_region_name"
"438","REDCAR_AND_CLEVELAND","NORTH_YORKSHIRE","GBR","adju_geo_region_name"
"439","REDCAR_AND_CLEVELAND","REDCAR_AND_CLEVELAND","GBR","adju_geo_region_name"
"440","REDCAR_AND_CLEVELAND","STOCKTON_ON_TEES","GBR","adju_geo_region_name"
"441","ROCHDALE","BURY","GBR","adju_geo_region_name"
"442","ROCHDALE","CALDERDALE","GBR","adju_geo_region_name"
"443","ROCHDALE","LANCASHIRE","GBR","adju_geo_region_name"
"444","ROCHDALE","MANCHESTER","GBR","adju_geo_region_name"
"445","ROCHDALE","OLDHAM","GBR","adju_geo_region_name"
"446","ROCHDALE","ROCHDALE","GBR","adju_geo_region_name"
"447","ROTHERHAM","BARNSLEY","GBR","adju_geo_region_name"
"448","ROTHERHAM","DERBYSHIRE","GBR","adju_geo_region_name"
"449","ROTHERHAM","DONCASTER","GBR","adju_geo_region_name"
"450","ROTHERHAM","NOTTINGHAMSHIRE","GBR","adju_geo_region_name"
"451","ROTHERHAM","ROTHERHAM","GBR","adju_geo_region_name"
"452","ROTHERHAM","SHEFFIELD","GBR","adju_geo_region_name"
"453","RUTLAND","LEICESTERSHIRE","GBR","adju_geo_region_name"
"454","RUTLAND","LINCOLNSHIRE","GBR","adju_geo_region_name"
"455","RUTLAND","NORTHAMPTONSHIRE","GBR","adju_geo_region_name"
"456","RUTLAND","RUTLAND","GBR","adju_geo_region_name"
"457","ST_HELENS","HALTON","GBR","adju_geo_region_name"
"458","ST_HELENS","KNOWSLEY","GBR","adju_geo_region_name"
"459","ST_HELENS","LANCASHIRE","GBR","adju_geo_region_name"
"460","ST_HELENS","ST_HELENS","GBR","adju_geo_region_name"
"461","ST_HELENS","WARRINGTON","GBR","adju_geo_region_name"
"462","ST_HELENS","WIGAN","GBR","adju_geo_region_name"
"463","SALFORD","BOLTON","GBR","adju_geo_region_name"
"464","SALFORD","BURY","GBR","adju_geo_region_name"
"465","SALFORD","MANCHESTER","GBR","adju_geo_region_name"
"466","SALFORD","SALFORD","GBR","adju_geo_region_name"
"467","SALFORD","TRAFFORD","GBR","adju_geo_region_name"
"468","SALFORD","WARRINGTON","GBR","adju_geo_region_name"
"469","SALFORD","WIGAN","GBR","adju_geo_region_name"
"470","SANDWELL","BIRMINGHAM","GBR","adju_geo_region_name"
"471","SANDWELL","DUDLEY","GBR","adju_geo_region_name"
"472","SANDWELL","SANDWELL","GBR","adju_geo_region_name"
"473","SANDWELL","WALSALL","GBR","adju_geo_region_name"
"474","SANDWELL","WARWICKSHIRE","GBR","adju_geo_region_name"
"475","SEFTON","HALTON","GBR","adju_geo_region_name"
"476","SEFTON","KNOWSLEY","GBR","adju_geo_region_name"
"477","SEFTON","LANCASHIRE","GBR","adju_geo_region_name"
"478","SEFTON","SEFTON","GBR","adju_geo_region_name"
"479","SHEFFIELD","BARNSLEY","GBR","adju_geo_region_name"
"480","SHEFFIELD","DERBYSHIRE","GBR","adju_geo_region_name"
"481","SHEFFIELD","ROTHERHAM","GBR","adju_geo_region_name"
"482","SHEFFIELD","SHEFFIELD","GBR","adju_geo_region_name"
"483","SHROPSHIRE","CHESHIRE_EAST","GBR","adju_geo_region_name"
"484","SHROPSHIRE","CHESHIRE_WEST_AND_CHESTER","GBR","adju_geo_region_name"
"485","SHROPSHIRE","HEREFORDSHIRE","GBR","adju_geo_region_name"
"486","SHROPSHIRE","SHROPSHIRE","GBR","adju_geo_region_name"
"487","SHROPSHIRE","STAFFORDSHIRE","GBR","adju_geo_region_name"
"488","SHROPSHIRE","TELFORD_AND_WREKIN","GBR","adju_geo_region_name"
"489","SHROPSHIRE","WORCESTERSHIRE","GBR","adju_geo_region_name"
"490","SHROPSHIRE","POWYS","GBR","adju_geo_region_name"
"491","SHROPSHIRE","WREXHAM","GBR","adju_geo_region_name"
"492","SLOUGH","BUCKINGHAMSHIRE","GBR","adju_geo_region_name"
"493","SLOUGH","LONDON","GBR","adju_geo_region_name"
"494","SLOUGH","SLOUGH","GBR","adju_geo_region_name"
"495","SLOUGH","SURREY","GBR","adju_geo_region_name"
"496","SLOUGH","WINDSOR_AND_MAIDENHEAD","GBR","adju_geo_region_name"
"497","SOLIHULL","BIRMINGHAM","GBR","adju_geo_region_name"
"498","SOLIHULL","COVENTRY","GBR","adju_geo_region_name"
"499","SOLIHULL","SOLIHULL","GBR","adju_geo_region_name"
"500","SOLIHULL","WARWICKSHIRE","GBR","adju_geo_region_name"
"501","SOLIHULL","WORCESTERSHIRE","GBR","adju_geo_region_name"
"502","SOMERSET","BATH_AND_NORTH_EAST_SOMERSET","GBR","adju_geo_region_name"
"503","SOMERSET","DEVON","GBR","adju_geo_region_name"
"504","SOMERSET","DORSET","GBR","adju_geo_region_name"
"505","SOMERSET","NORTH_SOMERSET","GBR","adju_geo_region_name"
"506","SOMERSET","SOMERSET","GBR","adju_geo_region_name"
"507","SOMERSET","WILTSHIRE","GBR","adju_geo_region_name"
"508","SOUTH_GLOUCESTERSHIRE","BATH_AND_NORTH_EAST_SOMERSET","GBR","adju_geo_region_name"
"509","SOUTH_GLOUCESTERSHIRE","BRISTOL","GBR","adju_geo_region_name"
"510","SOUTH_GLOUCESTERSHIRE","GLOUCESTERSHIRE","GBR","adju_geo_region_name"
"511","SOUTH_GLOUCESTERSHIRE","SOUTH_GLOUCESTERSHIRE","GBR","adju_geo_region_name"
"512","SOUTH_GLOUCESTERSHIRE","WILTSHIRE","GBR","adju_geo_region_name"
"513","SOUTH_TYNESIDE","GATESHEAD","GBR","adju_geo_region_name"
"514","SOUTH_TYNESIDE","NEWCASTLE_UPON_TYNE","GBR","adju_geo_region_name"
"515","SOUTH_TYNESIDE","NORTH_TYNESIDE","GBR","adju_geo_region_name"
"516","SOUTH_TYNESIDE","SOUTH_TYNESIDE","GBR","adju_geo_region_name"
"517","SOUTH_TYNESIDE","SUNDERLAND","GBR","adju_geo_region_name"
"518","SOUTHAMPTON","HAMPSHIRE","GBR","adju_geo_region_name"
"519","SOUTHAMPTON","SOUTHAMPTON","GBR","adju_geo_region_name"
"520","SOUTHEND_ON_SEA","ESSEX","GBR","adju_geo_region_name"
"521","SOUTHEND_ON_SEA","SOUTHEND_ON_SEA","GBR","adju_geo_region_name"
"522","STAFFORDSHIRE","BIRMINGHAM","GBR","adju_geo_region_name"
"523","STAFFORDSHIRE","CHESHIRE_EAST","GBR","adju_geo_region_name"
"524","STAFFORDSHIRE","DERBYSHIRE","GBR","adju_geo_region_name"
"525","STAFFORDSHIRE","DUDLEY","GBR","adju_geo_region_name"
"526","STAFFORDSHIRE","SHROPSHIRE","GBR","adju_geo_region_name"
"527","STAFFORDSHIRE","STAFFORDSHIRE","GBR","adju_geo_region_name"
"528","STAFFORDSHIRE","STOKE_ON_TRENT","GBR","adju_geo_region_name"
"529","STAFFORDSHIRE","TELFORD_AND_WREKIN","GBR","adju_geo_region_name"
"530","STAFFORDSHIRE","WALSALL","GBR","adju_geo_region_name"
"531","STAFFORDSHIRE","WARWICKSHIRE","GBR","adju_geo_region_name"
"532","STAFFORDSHIRE","WOLVERHAMPTON","GBR","adju_geo_region_name"
"533","STAFFORDSHIRE","WORCESTERSHIRE","GBR","adju_geo_region_name"
"534","STOCKPORT","CHESHIRE_EAST","GBR","adju_geo_region_name"
"535","STOCKPORT","DERBYSHIRE","GBR","adju_geo_region_name"
"536","STOCKPORT","MANCHESTER","GBR","adju_geo_region_name"
"537","STOCKPORT","STOCKPORT","GBR","adju_geo_region_name"
"538","STOCKPORT","TAMESIDE","GBR","adju_geo_region_name"
"539","STOCKTON_ON_TEES","DARLINGTON","GBR","adju_geo_region_name"
"540","STOCKTON_ON_TEES","DURHAM","GBR","adju_geo_region_name"
"541","STOCKTON_ON_TEES","HARTLEPOOL","GBR","adju_geo_region_name"
"542","STOCKTON_ON_TEES","MIDDLESBROUGH","GBR","adju_geo_region_name"
"543","STOCKTON_ON_TEES","NORTH_YORKSHIRE","GBR","adju_geo_region_name"
"544","STOCKTON_ON_TEES","REDCAR_AND_CLEVELAND","GBR","adju_geo_region_name"
"545","STOCKTON_ON_TEES","STOCKTON_ON_TEES","GBR","adju_geo_region_name"
"546","STOKE_ON_TRENT","STAFFORDSHIRE","GBR","adju_geo_region_name"
"547","STOKE_ON_TRENT","STOKE_ON_TRENT","GBR","adju_geo_region_name"
"548","SUFFOLK","CAMBRIDGESHIRE","GBR","adju_geo_region_name"
"549","SUFFOLK","ESSEX","GBR","adju_geo_region_name"
"550","SUFFOLK","NORFOLK","GBR","adju_geo_region_name"
"551","SUFFOLK","SUFFOLK","GBR","adju_geo_region_name"
"552","SUNDERLAND","DURHAM","GBR","adju_geo_region_name"
"553","SUNDERLAND","GATESHEAD","GBR","adju_geo_region_name"
"554","SUNDERLAND","SOUTH_TYNESIDE","GBR","adju_geo_region_name"
"555","SUNDERLAND","SUNDERLAND","GBR","adju_geo_region_name"
"556","SURREY","BRACKNELL_FOREST","GBR","adju_geo_region_name"
"557","SURREY","EAST_SUSSEX","GBR","adju_geo_region_name"
"558","SURREY","LONDON","GBR","adju_geo_region_name"
"559","SURREY","HAMPSHIRE","GBR","adju_geo_region_name"
"560","SURREY","KENT","GBR","adju_geo_region_name"
"561","SURREY","SLOUGH","GBR","adju_geo_region_name"
"562","SURREY","SURREY","GBR","adju_geo_region_name"
"563","SURREY","WEST_SUSSEX","GBR","adju_geo_region_name"
"564","SURREY","WINDSOR_AND_MAIDENHEAD","GBR","adju_geo_region_name"
"565","SWINDON","GLOUCESTERSHIRE","GBR","adju_geo_region_name"
"566","SWINDON","OXFORDSHIRE","GBR","adju_geo_region_name"
"567","SWINDON","SWINDON","GBR","adju_geo_region_name"
"568","SWINDON","WILTSHIRE","GBR","adju_geo_region_name"
"569","TAMESIDE","DERBYSHIRE","GBR","adju_geo_region_name"
"570","TAMESIDE","MANCHESTER","GBR","adju_geo_region_name"
"571","TAMESIDE","OLDHAM","GBR","adju_geo_region_name"
"572","TAMESIDE","STOCKPORT","GBR","adju_geo_region_name"
"573","TAMESIDE","TAMESIDE","GBR","adju_geo_region_name"
"574","TELFORD_AND_WREKIN","SHROPSHIRE","GBR","adju_geo_region_name"
"575","TELFORD_AND_WREKIN","STAFFORDSHIRE","GBR","adju_geo_region_name"
"576","TELFORD_AND_WREKIN","TELFORD_AND_WREKIN","GBR","adju_geo_region_name"
"577","THURROCK","ESSEX","GBR","adju_geo_region_name"
"578","THURROCK","LONDON","GBR","adju_geo_region_name"
"579","THURROCK","KENT","GBR","adju_geo_region_name"
"580","THURROCK","THURROCK","GBR","adju_geo_region_name"
"581","TORBAY","DEVON","GBR","adju_geo_region_name"
"582","TORBAY","TORBAY","GBR","adju_geo_region_name"
"583","TRAFFORD","CHESHIRE_EAST","GBR","adju_geo_region_name"
"584","TRAFFORD","MANCHESTER","GBR","adju_geo_region_name"
"585","TRAFFORD","SALFORD","GBR","adju_geo_region_name"
"586","TRAFFORD","TRAFFORD","GBR","adju_geo_region_name"
"587","TRAFFORD","WARRINGTON","GBR","adju_geo_region_name"
"588","WAKEFIELD","BARNSLEY","GBR","adju_geo_region_name"
"589","WAKEFIELD","DONCASTER","GBR","adju_geo_region_name"
"590","WAKEFIELD","KIRKLEES","GBR","adju_geo_region_name"
"591","WAKEFIELD","LEEDS","GBR","adju_geo_region_name"
"592","WAKEFIELD","NORTH_YORKSHIRE","GBR","adju_geo_region_name"
"593","WAKEFIELD","WAKEFIELD","GBR","adju_geo_region_name"
"594","WALSALL","BIRMINGHAM","GBR","adju_geo_region_name"
"595","WALSALL","DUDLEY","GBR","adju_geo_region_name"
"596","WALSALL","SANDWELL","GBR","adju_geo_region_name"
"597","WALSALL","STAFFORDSHIRE","GBR","adju_geo_region_name"
"598","WALSALL","WALSALL","GBR","adju_geo_region_name"
"599","WALSALL","WARWICKSHIRE","GBR","adju_geo_region_name"
"600","WALSALL","WOLVERHAMPTON","GBR","adju_geo_region_name"
"601","WARRINGTON","CHESHIRE_EAST","GBR","adju_geo_region_name"
"602","WARRINGTON","CHESHIRE_WEST_AND_CHESTER","GBR","adju_geo_region_name"
"603","WARRINGTON","HALTON","GBR","adju_geo_region_name"
"604","WARRINGTON","ST_HELENS","GBR","adju_geo_region_name"
"605","WARRINGTON","SALFORD","GBR","adju_geo_region_name"
"606","WARRINGTON","TRAFFORD","GBR","adju_geo_region_name"
"607","WARRINGTON","WARRINGTON","GBR","adju_geo_region_name"
"608","WARRINGTON","WIGAN","GBR","adju_geo_region_name"
"609","WARWICKSHIRE","BIRMINGHAM","GBR","adju_geo_region_name"
"610","WARWICKSHIRE","COVENTRY","GBR","adju_geo_region_name"
"611","WARWICKSHIRE","DERBYSHIRE","GBR","adju_geo_region_name"
"612","WARWICKSHIRE","GLOUCESTERSHIRE","GBR","adju_geo_region_name"
"613","WARWICKSHIRE","LEICESTERSHIRE","GBR","adju_geo_region_name"
"614","WARWICKSHIRE","NORTHAMPTONSHIRE","GBR","adju_geo_region_name"
"615","WARWICKSHIRE","OXFORDSHIRE","GBR","adju_geo_region_name"
"616","WARWICKSHIRE","SANDWELL","GBR","adju_geo_region_name"
"617","WARWICKSHIRE","SOLIHULL","GBR","adju_geo_region_name"
"618","WARWICKSHIRE","STAFFORDSHIRE","GBR","adju_geo_region_name"
"619","WARWICKSHIRE","WALSALL","GBR","adju_geo_region_name"
"620","WARWICKSHIRE","WARWICKSHIRE","GBR","adju_geo_region_name"
"621","WARWICKSHIRE","WORCESTERSHIRE","GBR","adju_geo_region_name"
"622","WEST_BERKSHIRE","HAMPSHIRE","GBR","adju_geo_region_name"
"623","WEST_BERKSHIRE","OXFORDSHIRE","GBR","adju_geo_region_name"
"624","WEST_BERKSHIRE","READING","GBR","adju_geo_region_name"
"625","WEST_BERKSHIRE","WEST_BERKSHIRE","GBR","adju_geo_region_name"
"626","WEST_BERKSHIRE","WILTSHIRE","GBR","adju_geo_region_name"
"627","WEST_BERKSHIRE","WOKINGHAM","GBR","adju_geo_region_name"
"628","WEST_SUSSEX","BRIGHTON_AND_HOVE","GBR","adju_geo_region_name"
"629","WEST_SUSSEX","EAST_SUSSEX","GBR","adju_geo_region_name"
"630","WEST_SUSSEX","HAMPSHIRE","GBR","adju_geo_region_name"
"631","WEST_SUSSEX","SURREY","GBR","adju_geo_region_name"
"632","WEST_SUSSEX","WEST_SUSSEX","GBR","adju_geo_region_name"
"633","WIGAN","BOLTON","GBR","adju_geo_region_name"
"634","WIGAN","LANCASHIRE","GBR","adju_geo_region_name"
"635","WIGAN","ST_HELENS","GBR","adju_geo_region_name"
"636","WIGAN","SALFORD","GBR","adju_geo_region_name"
"637","WIGAN","WARRINGTON","GBR","adju_geo_region_name"
"638","WIGAN","WIGAN","GBR","adju_geo_region_name"
"639","WILTSHIRE","BATH_AND_NORTH_EAST_SOMERSET","GBR","adju_geo_region_name"
"640","WILTSHIRE","DORSET","GBR","adju_geo_region_name"
"641","WILTSHIRE","GLOUCESTERSHIRE","GBR","adju_geo_region_name"
"642","WILTSHIRE","HAMPSHIRE","GBR","adju_geo_region_name"
"643","WILTSHIRE","OXFORDSHIRE","GBR","adju_geo_region_name"
"644","WILTSHIRE","SOMERSET","GBR","adju_geo_region_name"
"645","WILTSHIRE","SOUTH_GLOUCESTERSHIRE","GBR","adju_geo_region_name"
"646","WILTSHIRE","SWINDON","GBR","adju_geo_region_name"
"647","WILTSHIRE","WEST_BERKSHIRE","GBR","adju_geo_region_name"
"648","WILTSHIRE","WILTSHIRE","GBR","adju_geo_region_name"
"649","WINDSOR_AND_MAIDENHEAD","BRACKNELL_FOREST","GBR","adju_geo_region_name"
"650","WINDSOR_AND_MAIDENHEAD","BUCKINGHAMSHIRE","GBR","adju_geo_region_name"
"651","WINDSOR_AND_MAIDENHEAD","SLOUGH","GBR","adju_geo_region_name"
"652","WINDSOR_AND_MAIDENHEAD","SURREY","GBR","adju_geo_region_name"
"653","WINDSOR_AND_MAIDENHEAD","WINDSOR_AND_MAIDENHEAD","GBR","adju_geo_region_name"
"654","WINDSOR_AND_MAIDENHEAD","WOKINGHAM","GBR","adju_geo_region_name"
"655","WIRRAL","CHESHIRE_WEST_AND_CHESTER","GBR","adju_geo_region_name"
"656","WIRRAL","WIRRAL","GBR","adju_geo_region_name"
"657","WOKINGHAM","BRACKNELL_FOREST","GBR","adju_geo_region_name"
"658","WOKINGHAM","BUCKINGHAMSHIRE","GBR","adju_geo_region_name"
"659","WOKINGHAM","HAMPSHIRE","GBR","adju_geo_region_name"
"660","WOKINGHAM","OXFORDSHIRE","GBR","adju_geo_region_name"
"661","WOKINGHAM","READING","GBR","adju_geo_region_name"
"662","WOKINGHAM","WEST_BERKSHIRE","GBR","adju_geo_region_name"
"663","WOKINGHAM","WINDSOR_AND_MAIDENHEAD","GBR","adju_geo_region_name"
"664","WOKINGHAM","WOKINGHAM","GBR","adju_geo_region_name"
"665","WOLVERHAMPTON","DUDLEY","GBR","adju_geo_region_name"
"666","WOLVERHAMPTON","STAFFORDSHIRE","GBR","adju_geo_region_name"
"667","WOLVERHAMPTON","WALSALL","GBR","adju_geo_region_name"
"668","WOLVERHAMPTON","WOLVERHAMPTON","GBR","adju_geo_region_name"
"669","WORCESTERSHIRE","BIRMINGHAM","GBR","adju_geo_region_name"
"670","WORCESTERSHIRE","DUDLEY","GBR","adju_geo_region_name"
"671","WORCESTERSHIRE","GLOUCESTERSHIRE","GBR","adju_geo_region_name"
"672","WORCESTERSHIRE","HEREFORDSHIRE","GBR","adju_geo_region_name"
"673","WORCESTERSHIRE","SHROPSHIRE","GBR","adju_geo_region_name"
"674","WORCESTERSHIRE","SOLIHULL","GBR","adju_geo_region_name"
"675","WORCESTERSHIRE","STAFFORDSHIRE","GBR","adju_geo_region_name"
"676","WORCESTERSHIRE","WARWICKSHIRE","GBR","adju_geo_region_name"
"677","WORCESTERSHIRE","WORCESTERSHIRE","GBR","adju_geo_region_name"
"678","YORK","EAST_RIDING_OF_YORKSHIRE","GBR","adju_geo_region_name"
"679","YORK","NORTH_YORKSHIRE","GBR","adju_geo_region_name"
"680","YORK","YORK","GBR","adju_geo_region_name"
"681","ANTRIM_AND_NEWTOWNABBEY","ANTRIM_AND_NEWTOWNABBEY","GBR","adju_geo_region_name"
"682","ANTRIM_AND_NEWTOWNABBEY","ARMAGH_CITY_BANBRIDGE_AND_CRAIGAVON","GBR","adju_geo_region_name"
"683","ANTRIM_AND_NEWTOWNABBEY","BELFAST","GBR","adju_geo_region_name"
"684","ANTRIM_AND_NEWTOWNABBEY","LISBURN_AND_CASTLEREAGH","GBR","adju_geo_region_name"
"685","ANTRIM_AND_NEWTOWNABBEY","MID_AND_EAST_ANTRIM","GBR","adju_geo_region_name"
"686","ANTRIM_AND_NEWTOWNABBEY","MID_ULSTER","GBR","adju_geo_region_name"
"687","ARMAGH_CITY_BANBRIDGE_AND_CRAIGAVON","ANTRIM_AND_NEWTOWNABBEY","GBR","adju_geo_region_name"
"688","ARMAGH_CITY_BANBRIDGE_AND_CRAIGAVON","ARMAGH_CITY_BANBRIDGE_AND_CRAIGAVON","GBR","adju_geo_region_name"
"689","ARMAGH_CITY_BANBRIDGE_AND_CRAIGAVON","LISBURN_AND_CASTLEREAGH","GBR","adju_geo_region_name"
"690","ARMAGH_CITY_BANBRIDGE_AND_CRAIGAVON","MID_ULSTER","GBR","adju_geo_region_name"
"691","ARMAGH_CITY_BANBRIDGE_AND_CRAIGAVON","NEWRY_MOURNE_AND_DOWN","GBR","adju_geo_region_name"
"692","BELFAST","ANTRIM_AND_NEWTOWNABBEY","GBR","adju_geo_region_name"
"693","BELFAST","BELFAST","GBR","adju_geo_region_name"
"694","BELFAST","LISBURN_AND_CASTLEREAGH","GBR","adju_geo_region_name"
"695","BELFAST","ARDS_AND_NORTH_DOWN","GBR","adju_geo_region_name"
"696","CAUSEWAY_COAST_AND_GLENS","CAUSEWAY_COAST_AND_GLENS","GBR","adju_geo_region_name"
"697","CAUSEWAY_COAST_AND_GLENS","DERRY_CITY_AND_STRABANE","GBR","adju_geo_region_name"
"698","CAUSEWAY_COAST_AND_GLENS","MID_AND_EAST_ANTRIM","GBR","adju_geo_region_name"
"699","CAUSEWAY_COAST_AND_GLENS","MID_ULSTER","GBR","adju_geo_region_name"
"700","DERRY_CITY_AND_STRABANE","CAUSEWAY_COAST_AND_GLENS","GBR","adju_geo_region_name"
"701","DERRY_CITY_AND_STRABANE","DERRY_CITY_AND_STRABANE","GBR","adju_geo_region_name"
"702","DERRY_CITY_AND_STRABANE","FERMANAGH_AND_OMAGH","GBR","adju_geo_region_name"
"703","DERRY_CITY_AND_STRABANE","MID_ULSTER","GBR","adju_geo_region_name"
"704","FERMANAGH_AND_OMAGH","DERRY_CITY_AND_STRABANE","GBR","adju_geo_region_name"
"705","FERMANAGH_AND_OMAGH","FERMANAGH_AND_OMAGH","GBR","adju_geo_region_name"
"706","FERMANAGH_AND_OMAGH","MID_ULSTER","GBR","adju_geo_region_name"
"707","LISBURN_AND_CASTLEREAGH","ANTRIM_AND_NEWTOWNABBEY","GBR","adju_geo_region_name"
"708","LISBURN_AND_CASTLEREAGH","ARMAGH_CITY_BANBRIDGE_AND_CRAIGAVON","GBR","adju_geo_region_name"
"709","LISBURN_AND_CASTLEREAGH","BELFAST","GBR","adju_geo_region_name"
"710","LISBURN_AND_CASTLEREAGH","LISBURN_AND_CASTLEREAGH","GBR","adju_geo_region_name"
"711","LISBURN_AND_CASTLEREAGH","NEWRY_MOURNE_AND_DOWN","GBR","adju_geo_region_name"
"712","LISBURN_AND_CASTLEREAGH","ARDS_AND_NORTH_DOWN","GBR","adju_geo_region_name"
"713","MID_AND_EAST_ANTRIM","ANTRIM_AND_NEWTOWNABBEY","GBR","adju_geo_region_name"
"714","MID_AND_EAST_ANTRIM","CAUSEWAY_COAST_AND_GLENS","GBR","adju_geo_region_name"
"715","MID_AND_EAST_ANTRIM","MID_AND_EAST_ANTRIM","GBR","adju_geo_region_name"
"716","MID_AND_EAST_ANTRIM","MID_ULSTER","GBR","adju_geo_region_name"
"717","MID_ULSTER","ANTRIM_AND_NEWTOWNABBEY","GBR","adju_geo_region_name"
"718","MID_ULSTER","ARMAGH_CITY_BANBRIDGE_AND_CRAIGAVON","GBR","adju_geo_region_name"
"719","MID_ULSTER","CAUSEWAY_COAST_AND_GLENS","GBR","adju_geo_region_name"
"720","MID_ULSTER","DERRY_CITY_AND_STRABANE","GBR","adju_geo_region_name"
"721","MID_ULSTER","FERMANAGH_AND_OMAGH","GBR","adju_geo_region_name"
"722","MID_ULSTER","MID_AND_EAST_ANTRIM","GBR","adju_geo_region_name"
"723","MID_ULSTER","MID_ULSTER","GBR","adju_geo_region_name"
"724","NEWRY_MOURNE_AND_DOWN","ARMAGH_CITY_BANBRIDGE_AND_CRAIGAVON","GBR","adju_geo_region_name"
"725","NEWRY_MOURNE_AND_DOWN","LISBURN_AND_CASTLEREAGH","GBR","adju_geo_region_name"
"726","NEWRY_MOURNE_AND_DOWN","NEWRY_MOURNE_AND_DOWN","GBR","adju_geo_region_name"
"727","NEWRY_MOURNE_AND_DOWN","ARDS_AND_NORTH_DOWN","GBR","adju_geo_region_name"
"728","ARDS_AND_NORTH_DOWN","BELFAST","GBR","adju_geo_region_name"
"729","ARDS_AND_NORTH_DOWN","LISBURN_AND_CASTLEREAGH","GBR","adju_geo_region_name"
"730","ARDS_AND_NORTH_DOWN","NEWRY_MOURNE_AND_DOWN","GBR","adju_geo_region_name"
"731","ARDS_AND_NORTH_DOWN","ARDS_AND_NORTH_DOWN","GBR","adju_geo_region_name"
"732","ABERDEEN_CITY","ABERDEEN_CITY","GBR","adju_geo_region_name"
"733","ABERDEEN_CITY","ABERDEENSHIRE","GBR","adju_geo_region_name"
"734","ABERDEENSHIRE","ABERDEEN_CITY","GBR","adju_geo_region_name"
"735","ABERDEENSHIRE","ABERDEENSHIRE","GBR","adju_geo_region_name"
"736","ABERDEENSHIRE","ANGUS","GBR","adju_geo_region_name"
"737","ABERDEENSHIRE","HIGHLAND","GBR","adju_geo_region_name"
"738","ABERDEENSHIRE","MORAY","GBR","adju_geo_region_name"
"739","ABERDEENSHIRE","PERTH_AND_KINROSS","GBR","adju_geo_region_name"
"740","ANGUS","ABERDEENSHIRE","GBR","adju_geo_region_name"
"741","ANGUS","ANGUS","GBR","adju_geo_region_name"
"742","ANGUS","DUNDEE_CITY","GBR","adju_geo_region_name"
"743","ANGUS","PERTH_AND_KINROSS","GBR","adju_geo_region_name"
"744","ARGYLL_AND_BUTE","ARGYLL_AND_BUTE","GBR","adju_geo_region_name"
"745","ARGYLL_AND_BUTE","HIGHLAND","GBR","adju_geo_region_name"
"746","ARGYLL_AND_BUTE","PERTH_AND_KINROSS","GBR","adju_geo_region_name"
"747","ARGYLL_AND_BUTE","STIRLING","GBR","adju_geo_region_name"
"748","ARGYLL_AND_BUTE","WEST_DUNBARTONSHIRE","GBR","adju_geo_region_name"
"749","CLACKMANNANSHIRE","CLACKMANNANSHIRE","GBR","adju_geo_region_name"
"750","CLACKMANNANSHIRE","FALKIRK","GBR","adju_geo_region_name"
"751","CLACKMANNANSHIRE","FIFE","GBR","adju_geo_region_name"
"752","CLACKMANNANSHIRE","PERTH_AND_KINROSS","GBR","adju_geo_region_name"
"753","CLACKMANNANSHIRE","STIRLING","GBR","adju_geo_region_name"
"754","DUMFRIES_AND_GALLOWAY","CUMBRIA","GBR","adju_geo_region_name"
"755","DUMFRIES_AND_GALLOWAY","DUMFRIES_AND_GALLOWAY","GBR","adju_geo_region_name"
"756","DUMFRIES_AND_GALLOWAY","EAST_AYRSHIRE","GBR","adju_geo_region_name"
"757","DUMFRIES_AND_GALLOWAY","SCOTTISH_BORDERS","GBR","adju_geo_region_name"
"758","DUMFRIES_AND_GALLOWAY","SOUTH_AYRSHIRE","GBR","adju_geo_region_name"
"759","DUMFRIES_AND_GALLOWAY","SOUTH_LANARKSHIRE","GBR","adju_geo_region_name"
"760","DUNDEE_CITY","ANGUS","GBR","adju_geo_region_name"
"761","DUNDEE_CITY","DUNDEE_CITY","GBR","adju_geo_region_name"
"762","DUNDEE_CITY","PERTH_AND_KINROSS","GBR","adju_geo_region_name"
"763","EAST_AYRSHIRE","DUMFRIES_AND_GALLOWAY","GBR","adju_geo_region_name"
"764","EAST_AYRSHIRE","EAST_AYRSHIRE","GBR","adju_geo_region_name"
"765","EAST_AYRSHIRE","EAST_RENFREWSHIRE","GBR","adju_geo_region_name"
"766","EAST_AYRSHIRE","NORTH_AYRSHIRE","GBR","adju_geo_region_name"
"767","EAST_AYRSHIRE","SOUTH_AYRSHIRE","GBR","adju_geo_region_name"
"768","EAST_AYRSHIRE","SOUTH_LANARKSHIRE","GBR","adju_geo_region_name"
"769","EAST_DUNBARTONSHIRE","EAST_DUNBARTONSHIRE","GBR","adju_geo_region_name"
"770","EAST_DUNBARTONSHIRE","GLASGOW_CITY","GBR","adju_geo_region_name"
"771","EAST_DUNBARTONSHIRE","NORTH_LANARKSHIRE","GBR","adju_geo_region_name"
"772","EAST_DUNBARTONSHIRE","STIRLING","GBR","adju_geo_region_name"
"773","EAST_DUNBARTONSHIRE","WEST_DUNBARTONSHIRE","GBR","adju_geo_region_name"
"774","EAST_LOTHIAN","EAST_LOTHIAN","GBR","adju_geo_region_name"
"775","EAST_LOTHIAN","EDINBURGH","GBR","adju_geo_region_name"
"776","EAST_LOTHIAN","MIDLOTHIAN","GBR","adju_geo_region_name"
"777","EAST_LOTHIAN","SCOTTISH_BORDERS","GBR","adju_geo_region_name"
"778","EAST_RENFREWSHIRE","EAST_AYRSHIRE","GBR","adju_geo_region_name"
"779","EAST_RENFREWSHIRE","EAST_RENFREWSHIRE","GBR","adju_geo_region_name"
"780","EAST_RENFREWSHIRE","GLASGOW_CITY","GBR","adju_geo_region_name"
"781","EAST_RENFREWSHIRE","NORTH_AYRSHIRE","GBR","adju_geo_region_name"
"782","EAST_RENFREWSHIRE","RENFREWSHIRE","GBR","adju_geo_region_name"
"783","EAST_RENFREWSHIRE","SOUTH_LANARKSHIRE","GBR","adju_geo_region_name"
"784","EDINBURGH","EAST_LOTHIAN","GBR","adju_geo_region_name"
"785","EDINBURGH","EDINBURGH","GBR","adju_geo_region_name"
"786","EDINBURGH","MIDLOTHIAN","GBR","adju_geo_region_name"
"787","EDINBURGH","SCOTTISH_BORDERS","GBR","adju_geo_region_name"
"788","EDINBURGH","WEST_LOTHIAN","GBR","adju_geo_region_name"
"789","EILEAN_SIAR","EILEAN_SIAR","GBR","adju_geo_region_name"
"790","FALKIRK","CLACKMANNANSHIRE","GBR","adju_geo_region_name"
"791","FALKIRK","FALKIRK","GBR","adju_geo_region_name"
"792","FALKIRK","FIFE","GBR","adju_geo_region_name"
"793","FALKIRK","NORTH_LANARKSHIRE","GBR","adju_geo_region_name"
"794","FALKIRK","STIRLING","GBR","adju_geo_region_name"
"795","FALKIRK","WEST_LOTHIAN","GBR","adju_geo_region_name"
"796","FIFE","CLACKMANNANSHIRE","GBR","adju_geo_region_name"
"797","FIFE","FALKIRK","GBR","adju_geo_region_name"
"798","FIFE","FIFE","GBR","adju_geo_region_name"
"799","FIFE","PERTH_AND_KINROSS","GBR","adju_geo_region_name"
"800","GLASGOW_CITY","EAST_DUNBARTONSHIRE","GBR","adju_geo_region_name"
"801","GLASGOW_CITY","EAST_RENFREWSHIRE","GBR","adju_geo_region_name"
"802","GLASGOW_CITY","GLASGOW_CITY","GBR","adju_geo_region_name"
"803","GLASGOW_CITY","NORTH_LANARKSHIRE","GBR","adju_geo_region_name"
"804","GLASGOW_CITY","RENFREWSHIRE","GBR","adju_geo_region_name"
"805","GLASGOW_CITY","SOUTH_LANARKSHIRE","GBR","adju_geo_region_name"
"806","GLASGOW_CITY","WEST_DUNBARTONSHIRE","GBR","adju_geo_region_name"
"807","HIGHLAND","ABERDEENSHIRE","GBR","adju_geo_region_name"
"808","HIGHLAND","ARGYLL_AND_BUTE","GBR","adju_geo_region_name"
"809","HIGHLAND","HIGHLAND","GBR","adju_geo_region_name"
"810","HIGHLAND","MORAY","GBR","adju_geo_region_name"
"811","HIGHLAND","PERTH_AND_KINROSS","GBR","adju_geo_region_name"
"812","INVERCLYDE","INVERCLYDE","GBR","adju_geo_region_name"
"813","INVERCLYDE","NORTH_AYRSHIRE","GBR","adju_geo_region_name"
"814","INVERCLYDE","RENFREWSHIRE","GBR","adju_geo_region_name"
"815","MIDLOTHIAN","EAST_LOTHIAN","GBR","adju_geo_region_name"
"816","MIDLOTHIAN","EDINBURGH","GBR","adju_geo_region_name"
"817","MIDLOTHIAN","MIDLOTHIAN","GBR","adju_geo_region_name"
"818","MIDLOTHIAN","SCOTTISH_BORDERS","GBR","adju_geo_region_name"
"819","MORAY","ABERDEENSHIRE","GBR","adju_geo_region_name"
"820","MORAY","HIGHLAND","GBR","adju_geo_region_name"
"821","MORAY","MORAY","GBR","adju_geo_region_name"
"822","NORTH_AYRSHIRE","EAST_AYRSHIRE","GBR","adju_geo_region_name"
"823","NORTH_AYRSHIRE","EAST_RENFREWSHIRE","GBR","adju_geo_region_name"
"824","NORTH_AYRSHIRE","INVERCLYDE","GBR","adju_geo_region_name"
"825","NORTH_AYRSHIRE","NORTH_AYRSHIRE","GBR","adju_geo_region_name"
"826","NORTH_AYRSHIRE","RENFREWSHIRE","GBR","adju_geo_region_name"
"827","NORTH_AYRSHIRE","SOUTH_AYRSHIRE","GBR","adju_geo_region_name"
"828","NORTH_LANARKSHIRE","EAST_DUNBARTONSHIRE","GBR","adju_geo_region_name"
"829","NORTH_LANARKSHIRE","FALKIRK","GBR","adju_geo_region_name"
"830","NORTH_LANARKSHIRE","GLASGOW_CITY","GBR","adju_geo_region_name"
"831","NORTH_LANARKSHIRE","NORTH_LANARKSHIRE","GBR","adju_geo_region_name"
"832","NORTH_LANARKSHIRE","SOUTH_LANARKSHIRE","GBR","adju_geo_region_name"
"833","NORTH_LANARKSHIRE","STIRLING","GBR","adju_geo_region_name"
"834","NORTH_LANARKSHIRE","WEST_LOTHIAN","GBR","adju_geo_region_name"
"835","ORKNEY_ISLANDS","ORKNEY_ISLANDS","GBR","adju_geo_region_name"
"836","PERTH_AND_KINROSS","ABERDEENSHIRE","GBR","adju_geo_region_name"
"837","PERTH_AND_KINROSS","ANGUS","GBR","adju_geo_region_name"
"838","PERTH_AND_KINROSS","ARGYLL_AND_BUTE","GBR","adju_geo_region_name"
"839","PERTH_AND_KINROSS","CLACKMANNANSHIRE","GBR","adju_geo_region_name"
"840","PERTH_AND_KINROSS","DUNDEE_CITY","GBR","adju_geo_region_name"
"841","PERTH_AND_KINROSS","FIFE","GBR","adju_geo_region_name"
"842","PERTH_AND_KINROSS","HIGHLAND","GBR","adju_geo_region_name"
"843","PERTH_AND_KINROSS","PERTH_AND_KINROSS","GBR","adju_geo_region_name"
"844","PERTH_AND_KINROSS","STIRLING","GBR","adju_geo_region_name"
"845","RENFREWSHIRE","EAST_RENFREWSHIRE","GBR","adju_geo_region_name"
"846","RENFREWSHIRE","GLASGOW_CITY","GBR","adju_geo_region_name"
"847","RENFREWSHIRE","INVERCLYDE","GBR","adju_geo_region_name"
"848","RENFREWSHIRE","NORTH_AYRSHIRE","GBR","adju_geo_region_name"
"849","RENFREWSHIRE","RENFREWSHIRE","GBR","adju_geo_region_name"
"850","RENFREWSHIRE","WEST_DUNBARTONSHIRE","GBR","adju_geo_region_name"
"851","SCOTTISH_BORDERS","CUMBRIA","GBR","adju_geo_region_name"
"852","SCOTTISH_BORDERS","NORTHUMBERLAND","GBR","adju_geo_region_name"
"853","SCOTTISH_BORDERS","DUMFRIES_AND_GALLOWAY","GBR","adju_geo_region_name"
"854","SCOTTISH_BORDERS","EAST_LOTHIAN","GBR","adju_geo_region_name"
"855","SCOTTISH_BORDERS","EDINBURGH","GBR","adju_geo_region_name"
"856","SCOTTISH_BORDERS","MIDLOTHIAN","GBR","adju_geo_region_name"
"857","SCOTTISH_BORDERS","SCOTTISH_BORDERS","GBR","adju_geo_region_name"
"858","SCOTTISH_BORDERS","SOUTH_LANARKSHIRE","GBR","adju_geo_region_name"
"859","SCOTTISH_BORDERS","WEST_LOTHIAN","GBR","adju_geo_region_name"
"860","SHETLAND_ISLANDS","SHETLAND_ISLANDS","GBR","adju_geo_region_name"
"861","SOUTH_AYRSHIRE","DUMFRIES_AND_GALLOWAY","GBR","adju_geo_region_name"
"862","SOUTH_AYRSHIRE","EAST_AYRSHIRE","GBR","adju_geo_region_name"
"863","SOUTH_AYRSHIRE","NORTH_AYRSHIRE","GBR","adju_geo_region_name"
"864","SOUTH_AYRSHIRE","SOUTH_AYRSHIRE","GBR","adju_geo_region_name"
"865","SOUTH_LANARKSHIRE","DUMFRIES_AND_GALLOWAY","GBR","adju_geo_region_name"
"866","SOUTH_LANARKSHIRE","EAST_AYRSHIRE","GBR","adju_geo_region_name"
"867","SOUTH_LANARKSHIRE","EAST_RENFREWSHIRE","GBR","adju_geo_region_name"
"868","SOUTH_LANARKSHIRE","GLASGOW_CITY","GBR","adju_geo_region_name"
"869","SOUTH_LANARKSHIRE","NORTH_LANARKSHIRE","GBR","adju_geo_region_name"
"870","SOUTH_LANARKSHIRE","SCOTTISH_BORDERS","GBR","adju_geo_region_name"
"871","SOUTH_LANARKSHIRE","SOUTH_LANARKSHIRE","GBR","adju_geo_region_name"
"872","SOUTH_LANARKSHIRE","WEST_LOTHIAN","GBR","adju_geo_region_name"
"873","STIRLING","ARGYLL_AND_BUTE","GBR","adju_geo_region_name"
"874","STIRLING","CLACKMANNANSHIRE","GBR","adju_geo_region_name"
"875","STIRLING","EAST_DUNBARTONSHIRE","GBR","adju_geo_region_name"
"876","STIRLING","FALKIRK","GBR","adju_geo_region_name"
"877","STIRLING","NORTH_LANARKSHIRE","GBR","adju_geo_region_name"
"878","STIRLING","PERTH_AND_KINROSS","GBR","adju_geo_region_name"
"879","STIRLING","STIRLING","GBR","adju_geo_region_name"
"880","STIRLING","WEST_DUNBARTONSHIRE","GBR","adju_geo_region_name"
"881","WEST_DUNBARTONSHIRE","ARGYLL_AND_BUTE","GBR","adju_geo_region_name"
"882","WEST_DUNBARTONSHIRE","EAST_DUNBARTONSHIRE","GBR","adju_geo_region_name"
"883","WEST_DUNBARTONSHIRE","GLASGOW_CITY","GBR","adju_geo_region_name"
"884","WEST_DUNBARTONSHIRE","RENFREWSHIRE","GBR","adju_geo_region_name"
"885","WEST_DUNBARTONSHIRE","STIRLING","GBR","adju_geo_region_name"
"886","WEST_DUNBARTONSHIRE","WEST_DUNBARTONSHIRE","GBR","adju_geo_region_name"
"887","WEST_LOTHIAN","EDINBURGH","GBR","adju_geo_region_name"
"888","WEST_LOTHIAN","FALKIRK","GBR","adju_geo_region_name"
"889","WEST_LOTHIAN","NORTH_LANARKSHIRE","GBR","adju_geo_region_name"
"890","WEST_LOTHIAN","SCOTTISH_BORDERS","GBR","adju_geo_region_name"
"891","WEST_LOTHIAN","SOUTH_LANARKSHIRE","GBR","adju_geo_region_name"
"892","WEST_LOTHIAN","WEST_LOTHIAN","GBR","adju_geo_region_name"
"893","ISLE_OF_ANGLESEY","ISLE_OF_ANGLESEY","GBR","adju_geo_region_name"
"894","BLAENAU_GWENT","BLAENAU_GWENT","GBR","adju_geo_region_name"
"895","BLAENAU_GWENT","CAERPHILLY","GBR","adju_geo_region_name"
"896","BLAENAU_GWENT","POWYS","GBR","adju_geo_region_name"
"897","BLAENAU_GWENT","TORFAEN","GBR","adju_geo_region_name"
"898","BRIDGEND","BRIDGEND","GBR","adju_geo_region_name"
"899","BRIDGEND","NEATH_PORT_TALBOT","GBR","adju_geo_region_name"
"900","BRIDGEND","RHONDDA","GBR","adju_geo_region_name"
"901","BRIDGEND","VALE_OF_GLAMORGAN","GBR","adju_geo_region_name"
"902","CAERPHILLY","BLAENAU_GWENT","GBR","adju_geo_region_name"
"903","CAERPHILLY","CAERPHILLY","GBR","adju_geo_region_name"
"904","CAERPHILLY","CARDIFF","GBR","adju_geo_region_name"
"905","CAERPHILLY","MERTHYR_TYDFIL","GBR","adju_geo_region_name"
"906","CAERPHILLY","NEWPORT","GBR","adju_geo_region_name"
"907","CAERPHILLY","POWYS","GBR","adju_geo_region_name"
"908","CAERPHILLY","RHONDDA","GBR","adju_geo_region_name"
"909","CAERPHILLY","TORFAEN","GBR","adju_geo_region_name"
"910","CARDIFF","CAERPHILLY","GBR","adju_geo_region_name"
"911","CARDIFF","CARDIFF","GBR","adju_geo_region_name"
"912","CARDIFF","NEWPORT","GBR","adju_geo_region_name"
"913","CARDIFF","RHONDDA","GBR","adju_geo_region_name"
"914","CARDIFF","VALE_OF_GLAMORGAN","GBR","adju_geo_region_name"
"915","CARMARTHENSHIRE","CARMARTHENSHIRE","GBR","adju_geo_region_name"
"916","CARMARTHENSHIRE","CEREDIGION","GBR","adju_geo_region_name"
"917","CARMARTHENSHIRE","NEATH_PORT_TALBOT","GBR","adju_geo_region_name"
"918","CARMARTHENSHIRE","PEMBROKESHIRE","GBR","adju_geo_region_name"
"919","CARMARTHENSHIRE","POWYS","GBR","adju_geo_region_name"
"920","CARMARTHENSHIRE","SWANSEA","GBR","adju_geo_region_name"
"921","CEREDIGION","CARMARTHENSHIRE","GBR","adju_geo_region_name"
"922","CEREDIGION","CEREDIGION","GBR","adju_geo_region_name"
"923","CEREDIGION","GWYNEDD","GBR","adju_geo_region_name"
"924","CEREDIGION","PEMBROKESHIRE","GBR","adju_geo_region_name"
"925","CEREDIGION","POWYS","GBR","adju_geo_region_name"
"926","CONWY","CONWY","GBR","adju_geo_region_name"
"927","CONWY","DENBIGHSHIRE","GBR","adju_geo_region_name"
"928","CONWY","GWYNEDD","GBR","adju_geo_region_name"
"929","DENBIGHSHIRE","CONWY","GBR","adju_geo_region_name"
"930","DENBIGHSHIRE","DENBIGHSHIRE","GBR","adju_geo_region_name"
"931","DENBIGHSHIRE","FLINTSHIRE","GBR","adju_geo_region_name"
"932","DENBIGHSHIRE","GWYNEDD","GBR","adju_geo_region_name"
"933","DENBIGHSHIRE","POWYS","GBR","adju_geo_region_name"
"934","DENBIGHSHIRE","WREXHAM","GBR","adju_geo_region_name"
"935","FLINTSHIRE","CHESHIRE_WEST_AND_CHESTER","GBR","adju_geo_region_name"
"936","FLINTSHIRE","DENBIGHSHIRE","GBR","adju_geo_region_name"
"937","FLINTSHIRE","FLINTSHIRE","GBR","adju_geo_region_name"
"938","FLINTSHIRE","WREXHAM","GBR","adju_geo_region_name"
"939","GWYNEDD","CEREDIGION","GBR","adju_geo_region_name"
"940","GWYNEDD","CONWY","GBR","adju_geo_region_name"
"941","GWYNEDD","DENBIGHSHIRE","GBR","adju_geo_region_name"
"942","GWYNEDD","GWYNEDD","GBR","adju_geo_region_name"
"943","GWYNEDD","POWYS","GBR","adju_geo_region_name"
"944","MERTHYR_TYDFIL","CAERPHILLY","GBR","adju_geo_region_name"
"945","MERTHYR_TYDFIL","MERTHYR_TYDFIL","GBR","adju_geo_region_name"
"946","MERTHYR_TYDFIL","POWYS","GBR","adju_geo_region_name"
"947","MERTHYR_TYDFIL","RHONDDA","GBR","adju_geo_region_name"
"948","MONMOUTHSHIRE","GLOUCESTERSHIRE","GBR","adju_geo_region_name"
"949","MONMOUTHSHIRE","HEREFORDSHIRE","GBR","adju_geo_region_name"
"950","MONMOUTHSHIRE","MONMOUTHSHIRE","GBR","adju_geo_region_name"
"951","MONMOUTHSHIRE","NEWPORT","GBR","adju_geo_region_name"
"952","MONMOUTHSHIRE","POWYS","GBR","adju_geo_region_name"
"953","MONMOUTHSHIRE","TORFAEN","GBR","adju_geo_region_name"
"954","NEATH_PORT_TALBOT","BRIDGEND","GBR","adju_geo_region_name"
"955","NEATH_PORT_TALBOT","CARMARTHENSHIRE","GBR","adju_geo_region_name"
"956","NEATH_PORT_TALBOT","NEATH_PORT_TALBOT","GBR","adju_geo_region_name"
"957","NEATH_PORT_TALBOT","POWYS","GBR","adju_geo_region_name"
"958","NEATH_PORT_TALBOT","RHONDDA","GBR","adju_geo_region_name"
"959","NEATH_PORT_TALBOT","SWANSEA","GBR","adju_geo_region_name"
"960","NEWPORT","CAERPHILLY","GBR","adju_geo_region_name"
"961","NEWPORT","CARDIFF","GBR","adju_geo_region_name"
"962","NEWPORT","MONMOUTHSHIRE","GBR","adju_geo_region_name"
"963","NEWPORT","NEWPORT","GBR","adju_geo_region_name"
"964","NEWPORT","TORFAEN","GBR","adju_geo_region_name"
"965","PEMBROKESHIRE","CARMARTHENSHIRE","GBR","adju_geo_region_name"
"966","PEMBROKESHIRE","CEREDIGION","GBR","adju_geo_region_name"
"967","PEMBROKESHIRE","PEMBROKESHIRE","GBR","adju_geo_region_name"
"968","POWYS","HEREFORDSHIRE","GBR","adju_geo_region_name"
"969","POWYS","SHROPSHIRE","GBR","adju_geo_region_name"
"970","POWYS","BLAENAU_GWENT","GBR","adju_geo_region_name"
"971","POWYS","CAERPHILLY","GBR","adju_geo_region_name"
"972","POWYS","CARMARTHENSHIRE","GBR","adju_geo_region_name"
"973","POWYS","CEREDIGION","GBR","adju_geo_region_name"
"974","POWYS","DENBIGHSHIRE","GBR","adju_geo_region_name"
"975","POWYS","GWYNEDD","GBR","adju_geo_region_name"
"976","POWYS","MERTHYR_TYDFIL","GBR","adju_geo_region_name"
"977","POWYS","MONMOUTHSHIRE","GBR","adju_geo_region_name"
"978","POWYS","NEATH_PORT_TALBOT","GBR","adju_geo_region_name"
"979","POWYS","POWYS","GBR","adju_geo_region_name"
"980","POWYS","RHONDDA","GBR","adju_geo_region_name"
"981","POWYS","TORFAEN","GBR","adju_geo_region_name"
"982","POWYS","WREXHAM","GBR","adju_geo_region_name"
"983","RHONDDA","BRIDGEND","GBR","adju_geo_region_name"
"984","RHONDDA","CAERPHILLY","GBR","adju_geo_region_name"
"985","RHONDDA","CARDIFF","GBR","adju_geo_region_name"
"986","RHONDDA","MERTHYR_TYDFIL","GBR","adju_geo_region_name"
"987","RHONDDA","NEATH_PORT_TALBOT","GBR","adju_geo_region_name"
"988","RHONDDA","POWYS","GBR","adju_geo_region_name"
"989","RHONDDA","RHONDDA","GBR","adju_geo_region_name"
"990","RHONDDA","VALE_OF_GLAMORGAN","GBR","adju_geo_region_name"
"991","SWANSEA","CARMARTHENSHIRE","GBR","adju_geo_region_name"
"992","SWANSEA","NEATH_PORT_TALBOT","GBR","adju_geo_region_name"
"993","SWANSEA","SWANSEA","GBR","adju_geo_region_name"
"994","TORFAEN","BLAENAU_GWENT","GBR","adju_geo_region_name"
"995","TORFAEN","CAERPHILLY","GBR","adju_geo_region_name"
"996","TORFAEN","MONMOUTHSHIRE","GBR","adju_geo_region_name"
"997","TORFAEN","NEWPORT","GBR","adju_geo_region_name"
"998","TORFAEN","POWYS","GBR","adju_geo_region_name"
"999","TORFAEN","TORFAEN","GBR","adju_geo_region_name"
"1000","VALE_OF_GLAMORGAN","BRIDGEND","GBR","adju_geo_region_name"
"1001","VALE_OF_GLAMORGAN","CARDIFF","GBR","adju_geo_region_name"
"1002","VALE_OF_GLAMORGAN","RHONDDA","GBR","adju_geo_region_name"
"1003","VALE_OF_GLAMORGAN","VALE_OF_GLAMORGAN","GBR","adju_geo_region_name"
"1004","WREXHAM","CHESHIRE_WEST_AND_CHESTER","GBR","adju_geo_region_name"
"1005","WREXHAM","SHROPSHIRE","GBR","adju_geo_region_name"
"1006","WREXHAM","DENBIGHSHIRE","GBR","adju_geo_region_name"
"1007","WREXHAM","FLINTSHIRE","GBR","adju_geo_region_name"
"1008","WREXHAM","POWYS","GBR","adju_geo_region_name"
"1009","WREXHAM","WREXHAM","GBR","adju_geo_region_name"
